Facility Name,State,avg_excess_ratio,total_readmissions,total_discharges,total_pentalty_risk,high_risk
ABBOTT NORTHWESTERN HOSPITAL,MN,0.9724,257,1697,-57.09,0
ABRAZO ARROWHEAD HOSPITAL,AZ,1.0113,205,1294,11.32,1
ABRAZO CENTRAL CAMPUS,AZ,1.0229,13,74,1.69,0
ABRAZO SCOTTSDALE CAMPUS,AZ,0.9525,28,226,-15.49,0
ABRAZO WEST CAMPUS,AZ,1.0007,104,659,5.3,1
ACADIA GENERAL HOSPITAL,LA,0.969,45,322,-10.8,0
ACADIAN MEDICAL CENTER,LA,1.025,11,49,1.22,0
ACMH HOSPITAL,PA,1.112,19,78,8.74,0
ADENA REGIONAL MEDICAL CENTER,OH,0.9969,189,1078,-35.22,1
ADIRONDACK MEDICAL CENTER - SARANAC LAKE,NY,1.0194,13,75,1.46,0
ADVENTHEALTH CASTLE ROCK,CO,1.0092,42,247,2.45,0
ADVENTHEALTH CENTRAL TEXAS,TX,1.0418,129,667,31.22,1
ADVENTHEALTH DADE CITY,FL,1.0566,51,192,9.39,0
ADVENTHEALTH DAYTONA BEACH,FL,0.9427,371,2201,-115.54,0
ADVENTHEALTH DELAND,FL,1.0216,158,837,17.68,1
ADVENTHEALTH FISH MEMORIAL,FL,1.0226,219,1113,-13.21,1
ADVENTHEALTH GORDON,GA,0.9474,62,388,-20.98,0
ADVENTHEALTH HEART OF FLORIDA,FL,1.1155,91,379,43.79,2
ADVENTHEALTH HENDERSONVILLE,NC,0.9342,45,373,-23.58,0
ADVENTHEALTH LAKE WALES,FL,1.0722,46,198,17.25,1
ADVENTHEALTH MURRAY,GA,0.9635,12,95,-3.47,0
ADVENTHEALTH NEW SMYRNA BEACH,FL,0.9796,113,729,-28.9,0
ADVENTHEALTH NORTH PINELLAS,FL,1.0487,128,600,41.38,2
ADVENTHEALTH OCALA,FL,1.0252,353,1948,46.1,2
ADVENTHEALTH ORLANDO,FL,1.1426,1948,9480,1351.79,6
ADVENTHEALTH OTTAWA,KS,1.0875,52,227,20.14,1
ADVENTHEALTH PALM COAST PARKWAY,FL,1.0038,33,165,-0.8,0
ADVENTHEALTH REDMOND,GA,1.0179,301,1643,33.03,2
ADVENTHEALTH SEBRING,FL,0.9872,336,1825,-46.11,1
ADVENTHEALTH SHAWNEE MISSION,KS,1.0117,188,1265,-23.7,1
"ADVENTHEALTH SOUTH OVERLAND PARK, INC",KS,1.0252,25,120,2.89,0
ADVENTHEALTH TAMPA,FL,1.015,249,1412,-17.17,2
ADVENTHEALTH WATERMAN,FL,1.0377,411,2290,17.42,2
ADVENTHEALTH WESLEY CHAPEL,FL,0.991,192,1048,-6.32,1
ADVENTIST HEALTH AND RIDEOUT,CA,1.0623,362,1812,129.03,3
ADVENTIST HEALTH BAKERSFIELD,CA,1.0327,180,954,32.37,2
ADVENTIST HEALTH CASTLE,HI,0.9683,66,444,-12.55,0
ADVENTIST HEALTH DELANO,CA,1.0492,18,83,4.08,0
ADVENTIST HEALTH HANFORD,CA,0.9774,125,764,-7.69,1
ADVENTIST HEALTH LODI MEMORIAL,CA,1.0497,198,1050,73.7,2
ADVENTIST HEALTH PORTLAND,OR,0.9452,80,571,-33.03,0
ADVENTIST HEALTH SIERRA VISTA,CA,1.0074,36,229,-3.6,0
ADVENTIST HEALTH SIMI VALLEY,CA,1.0523,199,1012,78.89,2
ADVENTIST HEALTH SONORA,CA,0.9644,117,785,-26.03,0
ADVENTIST HEALTH ST HELENA,CA,0.9989,61,405,1.24,0
ADVENTIST HEALTH TULARE,CA,1.0308,32,170,4.3,0
ADVENTIST HEALTH TWIN CITIES,CA,1.0438,85,511,21.86,2
ADVENTIST HEALTH UKIAH VALLEY,CA,0.9864,65,398,-6.27,0
ADVENTIST HEALTH WHITE MEMORIAL,CA,1.0442,91,412,20.53,1
ADVENTIST HEALTH WHITE MEMORIAL MONTEBELLO,CA,1.0204,44,208,4.26,0
ADVENTIST HEALTHCARE FORT WASHINGTON MEDICAL CTR,MD,0.9964,46,281,-0.25,0
ADVENTIST HEALTHCARE SHADY GROVE MEDICAL CENTER,MD,1.0711,269,1738,87.1,2
ADVENTIST HEALTHCARE WHITE OAK MEDICAL CENTER,MD,1.0328,277,1650,37.17,2
ADVOCATE CHRIST HOSPITAL & MEDICAL CENTER,IL,1.1201,531,2708,142.56,5
ADVOCATE CONDELL MEDICAL CENTER,IL,1.0115,419,2298,53.25,1
ADVOCATE GOOD SAMARITAN HOSPITAL,IL,1.0107,365,2068,40.57,2
ADVOCATE GOOD SHEPHERD HOSPITAL,IL,1.0325,338,1867,44.73,2
ADVOCATE ILLINOIS MASONIC MEDICAL CENTER,IL,1.0503,111,492,25.87,1
ADVOCATE LUTHERAN GENERAL HOSPITAL,IL,1.0107,518,2893,-52.47,1
ADVOCATE SHERMAN HOSPITAL,IL,1.0327,301,1632,55.14,3
ADVOCATE TRINITY HOSPITAL,IL,1.0638,264,1186,66.23,3
AFFILIATE OF VITRUVIAN HEALTH,TN,1.007,165,871,20.92,1
AHMC ANAHEIM REGIONAL MEDICAL CENTER,CA,1.0293,94,484,16.64,1
AHMC SETON MEDICAL CENTER,CA,1.0222,63,349,7.63,0
AHN WEXFORD HOSPITAL,PA,0.9863,51,301,-4.82,0
AHS HOSPITAL CORP,NJ,1.0069,136,735,21.6,1
AIKEN REGIONAL MEDICAL CENTER,SC,0.9853,126,783,-7.27,0
AKRON GENERAL MEDICAL CENTER,OH,0.9442,265,1643,-72.11,0
ALAMANCE REGIONAL MEDICAL CENTER,NC,0.992,141,806,2.19,1
ALAMEDA HOSPITAL,CA,1.0214,55,295,7.91,0
ALASKA NATIVE MEDICAL CENTER,AK,1.0086,49,303,0.26,0
ALASKA REGIONAL HOSPITAL,AK,1.0874,167,1155,123.67,3
ALBANY MEDICAL CENTER HOSPITAL,NY,0.9458,189,1271,-92.24,0
ALEXIAN BROTHERS MEDICAL CENTER 1,IL,1.0421,339,1977,67.16,3
ALHAMBRA HOSPITAL MEDICAL CENTER,CA,1.0312,58,291,11.07,1
ALLEGHENY GENERAL HOSPITAL,PA,1.0136,147,828,8.69,0
ALLEGHENY VALLEY HOSPITAL,PA,1.0057,45,259,1.71,0
ALLEN HOSPITAL,IA,0.9586,147,1101,-58.13,1
ALLIANCEHEALTH DURANT,OK,1.1628,252,975,176.42,4
ALLIANCEHEALTH WOODWARD,OK,0.9437,12,110,-6.19,0
ALLINA UNITED HOSPITAL,MN,1.0464,243,1545,91.74,2
ALOMERE HEALTH,MN,0.9712,31,218,-7.2,0
ALTA BATES SUMMIT MEDICAL CENTER,CA,0.9364,196,1295,-93.09,0
ALTA BATES SUMMIT MEDICAL CENTER - ALTA BATES CAMP,CA,0.9227,44,352,-32.44,0
ALTON MEMORIAL HOSPITAL,IL,1.0709,168,765,69.32,2
ALTRU HOSPITAL,ND,0.9239,164,1113,-90.21,0
AMERICAN FORK HOSPITAL,UT,1.0082,16,121,0.99,0
AMITA HEALTH RESURRECTION MEDICAL CENTER,IL,0.97,220,1334,-74.55,0
ANDALUSIA HEALTH,AL,0.9944,48,271,-1.75,0
ANDERSON HOSPITAL,IL,1.0386,138,731,24.4,1
ANDERSON REGIONAL MEDICAL CENTER,MS,1.0136,212,1140,34.87,1
ANMED HEALTH,SC,0.9825,292,1842,-16.19,0
ANNA JAQUES HOSPITAL,MA,1.1093,214,1308,134.51,4
ANTELOPE VALLEY HOSPITAL,CA,1.0208,90,499,12.16,1
ARCHBOLD MEMORIAL HOSPITAL,GA,0.9632,96,672,-35.18,0
ARIZONA ORTHOPEDIC AND SURGICAL SPECIALTY HOSPITAL,AZ,1.2591,16,261,67.63,1
ARIZONA SPINE AND JOINT HOSPITAL,AZ,0.7975,22,705,-142.76,0
"ARKANSAS HEART HOSPITAL, LLC",AR,1.0425,228,1618,44.38,2
ARKANSAS HEART HOSPITAL-ENCORE,AR,1.0683,63,276,18.78,1
ARKANSAS METHODIST MEDICAL CENTER,AR,0.985,33,233,-3.74,0
ARKANSAS SURGICAL HOSPITAL,AR,0.7189,36,1380,-387.92,0
ARNOT OGDEN MEDICAL CENTER,NY,1.0098,120,727,-8.15,1
ARROWHEAD REGIONAL MEDICAL CENTER,CA,0.9818,36,212,-3.87,0
ASANTE ROGUE REGIONAL MEDICAL CENTER,OR,0.8816,121,1303,-183.37,0
ASANTE THREE RIVERS MEDICAL CENTER,OR,0.909,39,365,-33.03,0
ASCENSION  SETON HAYS,TX,1.0026,106,673,-10.22,0
ASCENSION ALL SAINTS HOSPITAL,WI,1.0361,90,500,12.89,1
ASCENSION COLUMBIA ST MARYS HOSPITAL MILWAUKEE,WI,0.9831,99,666,-24.24,0
ASCENSION GENESYS HOSPITAL,MI,0.982,192,1173,-23.16,1
ASCENSION NE WISCONSIN - ST ELIZABETH CAMPUS,WI,0.9559,42,361,-25.52,0
ASCENSION PROVIDENCE,TX,0.9976,189,1130,-6.05,1
"ASCENSION PROVIDENCE HOSPITAL, SOUTHFIELD AND NOVI",MI,0.9666,335,1797,-32.24,1
ASCENSION PROVIDENCE ROCHESTER HOSPITAL,MI,0.9932,140,810,-1.68,0
ASCENSION SACRED HEART BAY,FL,0.9936,143,886,-10.58,0
ASCENSION SAINT THOMAS HOSPITAL,TN,0.9784,525,3725,-114.59,2
ASCENSION SE WISCONSIN HOSPITAL,WI,0.995,88,564,-24.73,0
ASCENSION SETON MEDICAL CENTER AUSTIN,TX,1.0398,142,788,27.23,1
ASCENSION SETON NORTHWEST,TX,1.017,24,155,2.4,0
ASCENSION SETON WILLIAMSON,TX,0.9656,78,474,-17.34,0
ASCENSION ST FRANCIS HOSPITAL,WI,1.0373,11,44,1.64,0
ASCENSION ST JOHN JANE PHILLIPS,OK,1.0156,74,445,7.3,0
ASCENSION ST JOHN MEDICAL CENTER,OK,0.9668,205,1280,-68.25,0
ASCENSION ST MARY'S HOSPITAL,MI,0.9767,79,534,-14.85,0
ASCENSION ST VINCENT ANDERSON,IN,1.0446,78,369,16.56,1
ASCENSION ST VINCENT CARMEL,IN,0.9832,31,207,-2.97,0
ASCENSION ST VINCENT EVANSVILLE,IN,0.8974,159,1548,-279.64,0
ASCENSION ST VINCENT HOSPITAL,IN,1.0004,218,1166,11.09,1
ASCENSION ST VINCENT KOKOMO,IN,0.9896,63,379,-4.72,0
ASCENSION ST VINCENT'S CLAY COUNTY,FL,1.045,184,922,39.43,1
ASCENSION ST VINCENT'S RIVERSIDE,FL,1.0383,257,1481,8.12,3
ASCENSION ST VINCENT'S SOUTHSIDE,FL,1.0329,99,498,20.83,1
ASCENSION ST VINCENT'S ST JOHNS COUNTY,FL,1.0179,11,68,1.22,0
"ASCENSION VIA CHRISTI HOSPITAL MANHATTAN, INC",KS,0.9022,36,329,-31.87,0
"ASCENSION VIA CHRISTI HOSPITALS WICHITA, INC.",KS,0.947,297,1937,-108.65,0
ASHTABULA COUNTY MEDICAL CENTER,OH,1.0736,138,613,53.62,2
ASPIRUS DIVINE SAVIOR HOSPITAL,WI,0.9827,14,84,-1.45,0
ASPIRUS RHINELANDER HOSPITAL,WI,0.9983,23,130,-0.22,0
ASPIRUS RIVERVIEW HOSPITAL & CLINICS INC,WI,0.9505,15,109,-5.4,0
"ASPIRUS STEVENS POINT HOSPITAL & CLINICS, INC.",WI,0.9908,32,202,-1.69,0
ASPIRUS WAUSAU HOSPITAL,WI,0.9499,153,1111,-73.18,0
ATHENS LIMESTONE HOSPITAL,AL,1.0235,73,412,12.61,1
ATLANTIC GENERAL HOSPITAL,MD,0.9978,131,842,1.28,0
ATLANTICARE REGIONAL MEDICAL CENTER - CITY CAMPUS,NJ,0.9819,415,2587,-38.24,2
ATRIUM HEALTH CLEVELAND,NC,0.9838,160,1006,-19.57,1
ATRIUM HEALTH FLOYD MEDICAL CENTER,GA,1.0516,233,1141,50.84,2
ATRIUM HEALTH LINCOLN,NC,1.0119,105,614,9.16,1
ATRIUM HEALTH NAVICENT THE MEDICAL CENTER,GA,0.9888,235,1476,-44.22,1
ATRIUM HEALTH PINEVILLE,NC,1.0509,344,2259,64.63,4
ATRIUM HEALTH UNION,NC,1.0054,204,1266,3.13,1
ATRIUM HEALTH UNIVERSITY CITY,NC,1.01,64,364,-2.54,0
ATRIUM MEDICAL CENTER,OH,1.0089,131,767,4.42,0
AUBURN  COMMUNITY  HOSPITAL,NY,1.067,158,736,52.79,2
AUGUSTA HEALTH,VA,0.8653,157,1429,-178.51,0
AULTMAN HOSPITAL,OH,0.9613,213,1456,-76.53,0
AURELIA OSBORN FOX MEMORIAL HOSPITAL,NY,1.0316,47,254,7.07,0
AURORA BAYCARE MEDICAL CTR,WI,0.9448,56,414,-23.04,0
AURORA LAKELAND MEDICAL CENTER,WI,0.948,45,308,-15.38,0
AURORA MEDICAL CENTER,WI,1.0187,166,956,20.01,1
AURORA MEDICAL CENTER - SUMMIT,WI,0.9994,82,482,-1.2,0
AURORA MEDICAL CENTER BAY AREA,WI,1.0557,109,485,32.26,1
AURORA MEDICAL CENTER KENOSHA,WI,0.9796,124,725,-17.08,0
AURORA MEDICAL CENTER SHEBOYGAN COUNTY,WI,1.0216,93,483,17.11,1
AURORA MEDICAL CTR MANITOWOC COUNTY,WI,0.9906,18,102,-0.96,0
AURORA MEDICAL CTR OSHKOSH,WI,0.9866,37,227,-3.38,0
AURORA MEMORIAL HOSPITAL BURLINGTON,WI,0.9668,44,282,-9.99,0
AURORA ST LUKES MEDICAL CENTER,WI,0.9932,541,2945,-6.75,1
AVERA HEART HOSPITAL OF SOUTH DAKOTA,SD,0.8814,99,1143,-151.14,0
AVERA MCKENNAN HOSPITAL & UNIVERSITY HEALTH CENTER,SD,0.968,176,1420,-86.55,1
AVERA SACRED HEART HOSPITAL,SD,1.0192,46,269,4.9,0
AVERA ST LUKES,SD,0.9778,70,666,-16.42,1
AVERA ST MARY'S HOSPITAL,SD,0.9558,12,109,-4.82,0
AVITA ONTARIO,OH,1.0107,26,133,0.66,0
AVOYELLES HOSPITAL,LA,1.0617,13,67,4.13,0
AdventHealth Carrollwood,FL,0.9994,59,331,-0.58,0
AdventHealth Littleton,CO,1.0208,126,753,16.66,1
AdventHealth Palm Coast,FL,1.0239,230,1198,13.57,1
AdventHealth Parker,CO,0.9526,55,401,-19.16,0
AdventHealth Porter,CO,0.9746,40,265,-7.84,0
AdventHealthManchester,KY,1.0194,31,139,2.57,0
Adventhealth Port Charlotte,FL,1.0938,263,1240,120.03,4
Adventhealth Zephyrhills,FL,0.9869,175,933,-7.28,0
BAKERSFIELD MEMORIAL HOSPITAL,CA,1.0316,155,770,33.72,2
BALDWIN HEALTH,AL,0.9895,117,742,0.5,0
BANNER - UNIVERSITY MEDICAL CENTER PHOENIX,AZ,1.047,115,529,26.07,1
BANNER - UNIVERSITY MEDICAL CENTER TUCSON CAMPUS,AZ,0.956,104,656,-30.14,0
BANNER BAYWOOD MEDICAL CENTER,AZ,0.9385,199,1334,-81.65,0
BANNER BOSWELL MEDICAL CENTER,AZ,1.0404,411,2315,103.4,3
BANNER CASA GRANDE MEDICAL CENTER,AZ,1.0708,102,526,37.75,2
BANNER DEL E. WEBB MEDICAL CENTER,AZ,1.0208,399,2294,73.1,1
BANNER DESERT MEDICAL CENTER,AZ,1.0357,231,1289,79.0,1
BANNER ESTRELLA MEDICAL CENTER,AZ,1.0184,128,679,11.4,0
BANNER GATEWAY MEDICAL CENTER,AZ,0.9826,81,486,-12.88,0
BANNER GOLDFIELD MEDICAL CENTER,AZ,0.976,12,100,-2.4,0
BANNER HEART HOSPITAL,AZ,0.996,132,1042,-29.09,1
BANNER IRONWOOD MEDICAL CENTER,AZ,1.0162,66,375,1.53,0
BANNER MCKEE MEDICAL CENTER,CO,0.9676,11,85,-2.75,0
BANNER NORTH COLORADO MEDICAL CENTER,CO,0.9584,51,367,-15.68,0
BANNER OCOTILLO MEDICAL CENTER,AZ,1.0914,64,310,32.62,1
BANNER THUNDERBIRD MEDICAL CENTER,AZ,0.9907,210,1239,-21.71,0
BANNER WYOMING MEDICAL CENTER,WY,0.9334,193,1446,-99.19,0
BANNER-UNIVERSITY MEDICAL CENTER SOUTH CAMPUS,AZ,0.9808,34,204,-4.46,0
BAPTIST BEAUMONT HOSPITAL,TX,1.0195,133,722,18.61,1
BAPTIST HEALTH - FORT SMITH,AR,1.0306,349,1742,53.61,1
BAPTIST HEALTH CORBIN,KY,0.9245,81,520,-48.74,0
BAPTIST HEALTH DEACONESS MADISONVILLE,KY,0.9674,94,599,-32.35,0
BAPTIST HEALTH FLOYD,IN,1.0018,407,2141,28.15,1
BAPTIST HEALTH HARDIN,KY,1.0208,303,1670,65.57,1
BAPTIST HEALTH LEXINGTON,KY,0.9914,332,2155,-70.99,1
BAPTIST HEALTH LOUISVILLE,KY,0.9884,566,3662,-120.57,2
BAPTIST HEALTH MEDICAL CENTER - JACKSONVILLE,FL,1.0438,752,4570,-2.26,3
BAPTIST HEALTH MEDICAL CENTER NORTH LITTLE ROCK,AR,1.0094,285,1703,21.55,1
BAPTIST HEALTH MEDICAL CENTER- CONWAY,AR,1.022,120,675,14.04,0
BAPTIST HEALTH MEDICAL CENTER-DREW COUNTY,AR,1.0428,86,460,18.03,1
BAPTIST HEALTH MEDICAL CENTER-LITTLE ROCK,AR,1.0088,357,2048,47.84,2
BAPTIST HEALTH PADUCAH,KY,0.9452,197,1283,-47.24,1
BAPTIST HEALTH RICHMOND,KY,0.966,73,457,-24.14,0
BAPTIST HOSPITAL,FL,1.0036,289,1892,-10.44,2
BAPTIST HOSPITAL OF MIAMI,FL,1.029,332,1650,79.76,2
BAPTIST MEDICAL CENTER,TX,0.9639,354,2550,-132.85,1
BAPTIST MEDICAL CENTER  BEACHES,FL,0.9744,160,957,-33.74,0
BAPTIST MEDICAL CENTER - NASSAU,FL,0.9892,86,529,-7.57,0
BAPTIST MEDICAL CENTER EAST,AL,1.0452,119,592,36.94,2
BAPTIST MEDICAL CENTER SOUTH,AL,1.04,144,701,29.31,1
BAPTIST MEMORIAL HOSPITAL,TN,1.0987,590,3356,247.4,4
BAPTIST MEMORIAL HOSPITAL - CARROLL COUNTY,TN,1.0378,36,192,9.52,1
BAPTIST MEMORIAL HOSPITAL BOONEVILLE,MS,0.9541,13,111,-5.09,0
BAPTIST MEMORIAL HOSPITAL DESOTO,MS,1.0297,336,1715,112.09,2
"BAPTIST MEMORIAL HOSPITAL JONESBORO, INC.",AR,1.049,300,1660,101.86,2
BAPTIST MEMORIAL HOSPITAL NORTH MS,MS,1.0497,387,2066,131.18,2
BAPTIST MEMORIAL HOSPITAL TIPTON,TN,1.0172,36,212,2.86,0
BAPTIST MEMORIAL HOSPITAL UNION CITY,TN,0.9677,37,260,-8.24,0
BAPTIST MEMORIAL HOSPITAL UNION COUNTY,MS,0.995,57,354,-2.91,0
BARNES JEWISH HOSPITAL,MO,1.0077,341,1668,44.41,2
BARNES-JEWISH ST PETERS HOSPITAL,MO,1.001,134,695,5.82,1
BARNES-JEWISH WEST COUNTY HOSPITAL,MO,1.0502,27,116,5.38,0
BARSTOW COMMUNITY HOSPITAL,CA,1.007,11,62,0.43,0
BARTLETT REGIONAL HOSPITAL,AK,1.0228,23,119,2.54,0
BARTOW REGIONAL MEDICAL CENTER,FL,1.0028,33,200,-0.13,0
BASSETT HEALTHCARE,NY,0.9627,133,853,-34.33,0
BATON ROUGE GENERAL MEDICAL CENTER,LA,1.0682,152,961,27.76,1
BAXTER HEALTH,AR,1.0998,248,1613,108.69,5
BAY AREA HOSPITAL,OR,1.0099,180,1026,7.69,1
BAY PARK COMMUNITY HOSPITAL,OH,1.0279,63,323,7.84,0
"BAYHEALTH HOSPITAL, SUSSEX CAMPUS",DE,0.9706,146,926,-30.0,0
"BAYHEALTH MEDICAL CENTER, KENT CAMPUS",DE,1.0402,361,2048,65.39,2
BAYLOR SCOTT &  WHITE MEDICAL CENTER - CENTENNIAL,TX,1.0114,69,374,1.55,0
BAYLOR SCOTT & WHITE HEART & VASCULAR HOSPITAL - DALLAS,TX,1.048,58,336,12.83,1
BAYLOR SCOTT & WHITE MEDICAL CENTER  GRAPEVINE,TX,0.9964,185,1186,-19.89,0
BAYLOR SCOTT & WHITE MEDICAL CENTER - MARBLE FALLS,TX,0.9486,52,393,-20.61,0
BAYLOR SCOTT & WHITE MEDICAL CENTER - ROUND ROCK,TX,0.9931,194,1299,-39.94,2
BAYLOR SCOTT & WHITE MEDICAL CENTER - TEMPLE,TX,0.9694,246,1481,-62.02,0
BAYLOR SCOTT & WHITE MEDICAL CENTER AT IRVING,TX,1.0727,133,635,53.22,2
BAYLOR SCOTT & WHITE MEDICAL CENTER HILLCREST,TX,1.0002,114,695,-5.43,0
BAYLOR SCOTT & WHITE MEDICAL CENTER PLANO,TX,1.0003,137,830,-6.5,0
BAYLOR SCOTT & WHITE MEDICAL CENTER- COLLEGE STATI,TX,1.0108,132,785,6.67,0
BAYLOR SCOTT & WHITE MEDICAL CENTER- WAXAHACHIE,TX,1.051,157,820,36.3,1
BAYLOR SCOTT & WHITE TEXAS SPINE & JOINT HOSPITAL,TX,0.7587,25,899,-216.93,0
BAYLOR SCOTT & WHITE THE HEART HOSPITAL PLANO,TX,0.9104,198,1478,-120.29,0
BAYLOR SCOTT AND WHITE  MEDICAL CENTER  MCKINNEY,TX,1.0296,182,969,20.34,1
BAYLOR SCOTT AND WHITE ALL SAINTS MEDICAL CENTER,TX,1.0464,179,828,48.46,2
BAYLOR SCOTT AND WHITE MEDICAL CENTER LAKE POINTE,TX,1.0616,168,817,68.18,2
BAYLOR SCOTT AND WHITE MEDICAL CENTER SUNNYVALE,TX,1.044,53,275,12.52,1
BAYLOR SCOTT AND WHITE ORTHOPEDIC AND SPINE HOSPI,TX,0.9216,38,1072,-84.04,0
BAYLOR UNIVERSITY MEDICAL CENTER,TX,0.9494,220,1470,-105.43,0
BAYSHORE MEDICAL CENTER,NJ,1.0047,263,1320,30.87,1
BAYSTATE FRANKLIN MEDICAL CENTER,MA,1.025,118,665,14.53,0
BAYSTATE MEDICAL CENTER,MA,1.1066,926,5167,507.83,5
BAYSTATE NOBLE HOSPITAL,MA,1.0264,95,542,18.82,1
BAYSTATE WING HOSPITAL,MA,1.0469,168,871,39.07,2
BEAUFORT COUNTY MEMORIAL HOSPITAL,SC,1.0416,158,831,39.28,2
BEAUMONT HOSPITAL - DEARBORN,MI,1.0867,356,1561,160.68,3
BEAUMONT HOSPITAL - FARMINGTON HILLS,MI,1.0136,211,1066,9.01,1
BEAUMONT HOSPITAL - GROSSE POINTE,MI,1.0315,190,897,43.24,1
BEAUMONT HOSPITAL - TAYLOR,MI,1.0117,83,415,7.38,1
BEAUMONT HOSPITAL ROYAL OAK,MI,1.0087,678,3563,111.75,2
"BEAUMONT HOSPITAL, TROY",MI,1.0821,718,3543,313.26,3
BEAUREGARD MEMORIAL HOSPITAL,LA,0.9941,31,189,-2.4,0
BECKLEY ARH HOSPITAL,WV,1.0418,106,489,29.03,1
BEEBE MEDICAL CENTER,DE,0.9839,323,2265,-81.83,0
BELLEVUE HOSPITAL,OH,1.0146,28,154,2.52,0
BELLEVUE HOSPITAL CENTER,NY,1.0603,30,112,6.75,0
BELLEVUE MEDICAL CENTER,NE,1.0427,147,936,42.0,2
BELLIN MEMORIAL HOSPITAL,WI,0.9624,51,380,-18.1,0
BELOIT HEALTH SYSTEM,WI,1.0307,88,454,11.37,0
BELTON REGIONAL MEDICAL CENTER,MO,1.0455,49,238,13.35,1
BENEFIS HOSPITALS INC,MT,0.9388,111,858,-59.35,0
BERGEN NEW BRIDGE MEDICAL CENTER,NJ,1.0355,13,61,2.17,0
BERGER HOSPITAL,OH,1.0138,45,246,0.65,1
BERKELEY MEDICAL CENTER,WV,1.0061,152,902,-2.71,0
BERKSHIRE MEDICAL CENTER,MA,0.9924,348,1885,16.61,1
BETH ISRAEL DEACONESS HOSPITAL - MILTON,MA,0.9492,206,2123,-312.78,1
BETH ISRAEL DEACONESS HOSPITAL - NEEDHAM,MA,1.0447,242,1349,102.56,2
BETH ISRAEL DEACONESS HOSPITAL PLYMOUTH,MA,0.9683,368,2612,-91.21,0
BETH ISRAEL DEACONESS MEDICAL CENTER,MA,1.0371,495,2819,89.92,3
BETHESDA HOSPITAL EAST,FL,1.0271,357,2016,33.43,2
BETHESDA NORTH,OH,1.034,406,2441,113.33,4
BETSY JOHNSON REGIONAL HOSPITAL,NC,0.9913,75,444,-9.25,1
BILLINGS CLINIC,MT,0.9554,228,1791,-130.1,1
BLACK HILLS SURGICAL HOSPITAL LLC,SD,0.6587,23,1026,-350.17,0
BLANCHARD VALLEY HOSPITAL,OH,0.946,106,838,-64.32,0
BLESSING HOSPITAL,IL,0.9597,326,2068,-84.1,0
BLOUNT MEMORIAL HOSPITAL,TN,0.9776,164,1011,-4.1,1
"BLUE RIDGE HEALTHCARE HOSPITALS, INC",NC,0.9749,95,568,-12.44,0
BMH-GOLDEN TRIANGLE,MS,0.9608,181,1201,-60.48,0
BOCA RATON REGIONAL HOSPITAL,FL,1.0363,499,3053,-73.01,2
BOLIVAR MEDICAL CENTER,MS,1.0216,73,407,11.88,1
BON SECOURS COMMUNITY HOSPITAL,NY,1.032,78,408,12.26,1
BON SECOURS MARYVIEW MEDICAL CENTER,VA,1.0307,160,793,29.22,1
BON SECOURS MEMORIAL REGIONAL MEDICAL CENTER,VA,0.9785,330,2124,-21.2,1
BON SECOURS SOUTHAMPTON MEMORIAL HOSPITAL,VA,1.0663,45,200,12.22,0
BON SECOURS SOUTHSIDE MEDICAL CENTER,VA,1.0507,287,1442,112.49,2
BON SECOURS ST FRANCIS MEDICAL CENTER,VA,0.9869,173,1129,-30.41,0
BON SECOURS ST MARYS HOSPITAL,VA,0.9571,275,1956,-75.43,0
BON SECOURS-ST FRANCIS XAVIER HOSPITAL,SC,0.9957,102,633,-2.44,0
BOONE HOSPITAL CENTER,MO,0.9796,243,1826,-76.97,1
BORGESS MEDICAL CENTER,MI,0.8888,104,825,-94.04,0
BOSTON MEDICAL CENTER,MA,1.0019,160,819,-7.32,0
BOSTON MEDICAL CENTER-BRIGHTON,MA,1.0968,188,982,126.39,3
BOTHWELL REGIONAL HEALTH CENTER,MO,1.0047,97,566,-2.03,1
BOULDER COMMUNITY HEALTH,CO,0.9455,72,610,-49.28,0
BOZEMAN HEALTH DEACONESS HOSPITAL,MT,0.9586,72,545,-25.51,0
BRATTLEBORO MEMORIAL HOSPITAL,VT,0.954,35,261,-12.13,0
BRIDGEPORT HOSPITAL,CT,1.0168,367,1937,120.72,1
BRIGHAM AND WOMEN FAULKNER HOSPITAL,MA,0.9428,184,1294,-72.5,0
BRIGHAM AND WOMEN'S HOSPITAL,MA,0.9809,573,3637,-79.89,2
BRISTOL HOSPITAL,CT,1.0594,90,438,21.19,1
BRONSON BATTLE CREEK HOSPITAL,MI,1.0323,118,625,13.42,1
BRONSON METHODIST HOSPITAL,MI,0.9549,197,1326,-60.02,0
BRONXCARE HOSPITAL CENTER,NY,1.0893,79,281,23.51,1
BROOKDALE HOSPITAL MEDICAL CENTER,NY,1.0118,89,440,6.16,1
BROOKINGS HEALTH SYSTEM,SD,1.0128,13,68,0.87,0
BROOKLYN HOSPITAL CENTER - DOWNTOWN CAMPUS,NY,1.0533,84,369,22.52,1
BROOKWOOD BAPTIST MEDICAL CENTER,AL,0.9638,46,310,-12.51,0
BROWARD HEALTH CORAL SPRINGS,FL,1.0646,134,636,48.16,2
BROWARD HEALTH IMPERIAL POINT,FL,1.0186,44,256,8.24,1
BROWARD HEALTH MEDICAL CENTER,FL,1.0203,125,684,18.56,1
BROWARD HEALTH NORTH,FL,1.111,130,543,70.44,2
BROWN UNIVERSITY HEALTH MORTON HOSPITAL,MA,1.2168,271,1458,265.26,4
BRYAN MEDICAL CENTER,NE,0.9234,367,2790,-189.71,1
BRYN MAWR HOSPITAL,PA,1.0732,342,2090,109.53,3
BSA HOSPITAL,TX,1.0158,323,2184,-40.77,2
BUFFALO HOSPITAL,MN,0.9547,13,97,-4.39,0
BYRD REGIONAL HOSPITAL,LA,1.0565,82,354,20.97,1
Baylor St Lukes Medical Center,TX,0.9288,154,1018,-65.04,0
"CABELL HUNTINGTON HOSPITAL, INC",WV,0.9925,99,529,-6.09,0
CALDWELL MEMORIAL HOSPITAL,NC,0.968,37,241,-7.44,0
CALIFORNIA HOSPITAL MEDICAL CENTER LA,CA,1.0323,36,150,5.5,0
CALIFORNIA PACIFIC MEDICAL CENTER - MISSION BERNAL,CA,1.0293,74,389,10.12,0
CALIFORNIA PACIFIC MEDICAL CENTER- VAN NESS CAMPUS,CA,1.061,177,901,53.2,2
CALIFORNIA PACIFIC MEDICAL CTR-DAVIES CAMPUS HOSP,CA,1.0191,15,74,1.41,0
CALVERTHEALTH MEDICAL CENTER,MD,0.9864,166,946,-5.94,0
CAMBRIDGE HEALTH ALLIANCE,MA,0.9442,82,537,-29.18,0
CAMBRIDGE MEDICAL CENTER,MN,0.9941,24,164,-1.01,0
"CAMC GREENBRIER VALLEY MEDICAL CENTER, INC",WV,0.9841,75,439,-10.95,0
CAMDEN CLARK MEDICAL CENTER,WV,1.0813,353,1773,138.58,3
CAMERON REGIONAL MEDICAL CENTER,MO,0.9572,20,162,-6.93,0
CAMPBELL COUNTY HEALTH,WY,0.9575,28,210,-9.01,0
CANDLER HOSPITAL,GA,0.9796,79,504,-10.88,0
CANONSBURG GENERAL HOSPITAL,PA,1.0073,25,136,0.98,0
CANTON-POTSDAM HOSPITAL,NY,1.0139,88,489,8.45,1
CANYON VISTA MEDICAL CENTER,AZ,1.035,108,661,24.98,1
CAPE CANAVERAL HOSPITAL,FL,0.9284,89,644,-53.19,0
CAPE COD HOSPITAL,MA,1.0892,652,3728,365.07,4
CAPE CORAL HOSPITAL,FL,0.971,308,1714,-31.01,0
CAPE FEAR VALLEY HOKE HOSPITAL,NC,1.0446,30,146,6.33,0
CAPE FEAR VALLEY MEDICAL CENTER,NC,1.06,390,1899,138.78,3
CAPE REGIONAL MEDICAL CENTER INC,NJ,1.0411,204,1136,44.82,3
CAPITAL HEALTH MEDICAL CENTER - HOPEWELL,NJ,1.0471,141,769,25.5,2
CAPITAL HEALTH REGIONAL MEDICAL CENTER,NJ,1.0047,66,345,1.98,0
CAPITAL MEDICAL CENTER,WA,1.0755,88,462,33.81,1
CAREPOINT HEALTH - BAYONNE MEDICAL CENTER,NJ,1.0595,129,553,30.42,2
CAREPOINT HEALTH-CHRIST HOSPITAL,NJ,1.0286,33,133,3.79,0
CAREPOINT HEALTH-HOBOKEN UNIVERSITY MEDICAL CENTER,NJ,1.0667,39,142,9.65,0
CAREWELL HEALTH MEDICAL CENTER,NJ,1.1467,46,113,18.3,1
CARILION FRANKLIN MEMORIAL HOSPITAL,VA,0.9461,41,334,-16.25,0
CARILION MEDICAL CENTER,VA,0.9222,391,2712,-229.63,0
CARILION NEW RIVER VALLEY MEDICAL CENTER,VA,0.985,168,941,-14.14,0
CARLE BROMENN MEDICAL CENTER,IL,1.1366,181,1137,193.58,2
CARLE FOUNDATION HOSPITAL,IL,1.0745,419,1986,200.82,3
CARLE HEALTH METHODIST HOSPITAL,IL,1.0283,190,996,38.15,2
CARLE HEALTH PEKIN HOSPITAL,IL,0.9764,41,267,-6.51,0
CARLE HEALTH PROCTOR HOSPITAL,IL,0.9683,58,392,-12.27,0
CARLSBAD MEDICAL CENTER,NM,1.0003,45,288,-0.56,0
CARNEY HOSPITAL,MA,1.0115,11,64,0.74,0
CAROLINA EAST MEDICAL CENTER,NC,0.9798,323,2108,-51.25,0
CAROLINA PINES REGIONAL MEDICAL CENTER,SC,1.0972,66,303,31.9,1
CAROLINAS MEDICAL CENTER-NORTHEAST,NC,1.0055,354,2072,-9.21,1
CAROLINAS MEDICAL CENTER/BEHAV HEALTH,NC,0.9426,207,1417,-80.83,0
CAROMONT REGIONAL MEDICAL CENTER,NC,1.0596,345,1790,100.59,4
CARROLL HOSPITAL CENTER,MD,1.0101,397,2250,49.92,2
CARROLLTON REGIONAL MEDICAL CENTER,TX,1.0091,29,170,1.11,0
CARSON TAHOE REGIONAL MEDICAL CENTER,NV,0.9436,218,1668,-92.05,1
CARTERET GENERAL HOSPITAL,NC,1.0591,190,1306,69.28,3
CARY MEDICAL CENTER,ME,1.074,29,103,7.77,0
CASTLEVIEW HOSPITAL,UT,1.2706,11,182,49.25,1
CATAWBA VALLEY MEDICAL CENTER,NC,0.9744,99,709,-25.07,0
CATHOLIC MEDICAL CENTER,NH,1.0052,350,2217,-23.79,1
CAYUGA MEDICAL CENTER AT ITHACA,NY,0.9681,60,423,-17.21,0
CEDAR PARK REGIONAL MEDICAL CENTER,TX,1.07,114,595,47.07,2
CEDAR-SINAI MARINA DEL REY HOSPITAL,CA,1.0193,100,479,13.76,1
CEDARS-SINAI MEDICAL CENTER,CA,0.9244,868,5304,-419.49,0
CENTENNIAL HILLS HOSPITAL MEDICAL CENTER,NV,1.0334,156,830,31.1,1
CENTERPOINT MEDICAL CENTER,MO,1.0259,185,990,35.24,1
CENTINELA HOSPITAL MEDICAL CENTER,CA,1.144,259,878,121.97,3
CENTRA BEDFORD MEMORIAL HOSPITAL,VA,1.0051,44,275,1.49,0
CENTRA HEALTH -  LYNCHBURG GEN HOSPITAL,VA,0.9319,387,2817,-296.07,0
CENTRACARE- RICE MEMORIAL HOSPITAL,MN,1.0054,32,191,0.7,0
CENTRAL CAROLINA HOSPITAL,NC,1.0194,71,364,11.15,1
CENTRAL FLORIDA LAKE MONROE HOSPITAL,FL,1.0256,96,499,14.43,1
CENTRAL MAINE MEDICAL CENTER,ME,0.9117,95,768,-69.79,0
CENTRAL PENINSULA GENERAL HOSPITAL,AK,1.115,115,470,55.31,2
CENTRAL VERMONT MEDICAL CENTER,VT,1.0833,123,624,52.16,2
CENTRASTATE MEDICAL CENTER,NJ,1.0639,383,1913,144.09,1
CENTURA HEALTH-PENROSE ST FRANCIS HEALTH SERVICES,CO,0.9777,198,1833,-137.94,1
CENTURA HEALTH-ST ANTHONY HOSPITAL,CO,0.9779,116,804,-21.85,0
CENTURA HEALTH-ST ANTHONY NORTH HEALTH CAMPUS,CO,0.9794,76,486,-15.17,0
CENTURA ST. CATHERINE-DODGE CITY,KS,1.0297,13,79,2.35,0
CGH MEDICAL CENTER,IL,1.0586,124,672,38.64,3
CHAMBERS MEMORIAL HOSPITAL,AR,0.9808,32,228,-3.48,0
CHAMPLAIN VALLEY PHYSICIANS HOSPITAL MEDICAL CTR,NY,0.9848,212,1275,-27.02,1
CHAN SOON- SHIONG MEDICAL CENTER AT WINDBER,PA,1.0257,11,53,1.36,0
CHANDLER REGIONAL MEDICAL CENTER,AZ,0.9792,324,2133,-78.23,1
CHAPMAN GLOBAL MEDICAL CENTER,CA,1.0631,14,58,3.66,0
CHARLESTON AREA MEDICAL CENTER,WV,1.0658,504,2693,145.5,3
CHARLOTTE HUNGERFORD HOSPITAL,CT,1.0577,153,754,53.51,1
CHELSEA HOSPITAL,MI,0.9846,99,603,-14.91,0
CHENANGO MEMORIAL HOSPITAL,NY,1.006,14,92,0.55,0
CHEROKEE MEDICAL CENTER,SC,1.064,11,35,2.24,0
CHEROKEE NATION W W HASTINGS INDIAN HOSPITAL,OK,1.0125,37,224,2.07,0
CHESAPEAKE GENERAL HOSPITAL,VA,0.9976,342,1941,-10.59,0
CHESHIRE MEDICAL CENTER,NH,0.9552,88,559,-25.76,0
CHESTER COUNTY HOSPITAL,PA,0.9813,363,2250,-76.14,1
CHEYENNE REGIONAL MEDICAL CENTER,WY,0.9864,208,1411,-20.48,1
CHI HEALTH BERGAN MERCY,NE,0.9186,106,755,-59.9,0
CHI HEALTH GOOD SAMARITAN,NE,1.0394,53,258,12.72,1
CHI HEALTH IMMANUEL,NE,1.0302,46,234,6.63,0
CHI HEALTH LAKESIDE,NE,0.9373,81,571,-31.81,0
CHI HEALTH MERCY COUNCIL BLUFFS,IA,0.9819,45,262,-3.29,0
CHI HEALTH NEBRASKA HEART,NE,0.9328,69,590,-38.46,0
CHI HEALTH ST. ELIZABETH,NE,1.0086,47,269,2.15,0
CHI HEALTH ST. FRANCIS,NE,1.0092,52,301,2.44,0
CHI SAINT JOSEPH FLAGET MEMORIAL HOSPITAL,KY,1.0053,39,203,1.27,0
CHI ST ALEXIUS HEALTH,ND,0.9522,64,410,-20.52,0
CHI ST JOSEPH HEALTH REGIONAL HOSPITAL,TX,1.0085,273,1587,17.87,1
CHI ST LUKE'S HEALTH BRAZOSPORT,TX,1.0435,80,375,17.78,1
CHI ST LUKES HEALTH MEMORIAL LIVINGSTON,TX,1.0507,12,52,2.64,0
CHI ST LUKES HEALTH MEMORIAL LUFKIN,TX,1.0523,103,556,24.71,2
CHI ST. VINCENT HOSPITAL HOT SPRINGS,AR,1.0429,278,1531,66.44,3
CHI-ST VINCENT INFIRMARY,AR,0.9558,184,1223,-35.71,1
CHILTON MEDICAL CENTER,NJ,0.8792,157,1232,-171.6,0
CHINESE HOSPITAL,CA,1.0792,22,95,7.52,0
CHINLE COMPREHENSIVE HEALTH CARE FACILITY,AZ,1.0551,12,82,4.52,0
CHINO VALLEY MEDICAL CENTER,CA,1.0133,42,216,2.3,0
CHIPPEWA COUNTY WAR MEMORIAL HOSPITAL,MI,1.0817,26,133,10.87,1
CHOCTAW MEMORIAL HOSPITAL,OK,1.0578,13,51,2.95,0
CHRIST HOSPITAL,OH,0.9937,341,2080,-38.68,1
CHRISTIAN HOSPITAL NORTHEAST,MO,0.9909,180,978,-11.85,0
CHRISTIANA HOSPITAL,DE,0.9218,941,6225,-433.14,0
CHRISTUS CENTRAL LOUISIANA SURGICAL HOSPITAL,LA,1.3037,16,177,53.75,1
CHRISTUS GOOD SHEPHERD MEDICAL CENTER,TX,1.0529,325,1748,107.75,3
CHRISTUS MOTHER FRANCES HOSPITAL,TX,0.892,447,3039,-236.06,0
CHRISTUS MOTHER FRANCES HOSPITAL SULPHUR SPRINGS,TX,0.9569,67,441,-17.81,0
CHRISTUS OCHSNER ST PATRICK HOSPITAL,LA,1.0084,135,767,-8.19,1
CHRISTUS SANTA ROSA HOSPITAL-SAN MARCOS,TX,0.9947,52,339,-7.16,0
CHRISTUS SANTA ROSA MEDICAL CENTER,TX,1.0202,394,2333,22.03,2
CHRISTUS SHREVEPORT-BOSSIER HEALTH SYSTEM,LA,1.0413,268,1511,63.59,2
CHRISTUS SOUTHEAST TEXAS- ST ELIZABETH,TX,1.0267,204,1133,26.3,2
CHRISTUS SOUTHERN NEW MEXICO,NM,0.9694,58,660,-28.22,0
CHRISTUS SPOHN HOSPITAL ALICE,TX,1.009,14,80,0.72,0
CHRISTUS SPOHN HOSPITAL BEEVILLE,TX,1.029,23,99,2.9,0
CHRISTUS SPOHN HOSPITAL CORPUS CHRISTI,TX,1.021,186,1106,-10.27,0
CHRISTUS SPOHN HOSPITAL KLEBERG,TX,1.0294,11,43,1.26,0
CHRISTUS ST FRANCES CABRINI HOSPITAL,LA,0.9843,263,1569,-32.7,1
CHRISTUS ST MICHAEL HEALTH SYSTEM,TX,1.0195,306,1961,24.71,2
CHRISTUS ST VINCENT REGIONAL MEDICAL CENTER,NM,0.8666,113,1096,-153.45,0
CHSLI ST JOSEPH HOSPITAL,NY,0.9888,176,1089,-6.8,1
CITIZENS BAPTIST MEDICAL CENTER,AL,1.1161,17,50,5.81,0
CITIZENS MEDICAL CENTER,LA,1.0466,22,86,3.97,0
CITIZENS MEDICAL CENTER,TX,1.0439,165,880,53.44,2
CITIZENS MEMORIAL HOSPITAL,MO,1.0579,12,72,4.17,0
CJW MEDICAL CENTER,VA,0.9765,494,3650,-60.0,2
CLAIBORNE MEDICAL CENTER,TN,1.0659,28,103,5.18,0
CLAIBORNE MEMORIAL MEDICAL CENTER,LA,1.0509,37,192,7.1,0
CLARA MAASS MEDICAL CENTER,NJ,0.9932,144,805,0.33,1
CLARION HOSPITAL,PA,0.9868,11,68,-0.9,0
CLARK REGIONAL MEDICAL CENTER,KY,1.0057,66,384,0.84,0
CLAY COUNTY MEDICAL CORPORATION,MS,0.9999,12,83,-0.01,0
CLEVELAND CLINIC,OH,0.9431,470,3057,-250.58,2
CLEVELAND CLINIC AVON HOSPITAL,OH,1.0034,207,1112,-5.39,1
CLEVELAND CLINIC HOSPITAL,FL,0.9872,173,990,-26.21,0
CLEVELAND CLINIC INDIAN RIVER HOSPITAL,FL,0.9515,368,2328,-115.85,0
CLEVELAND CLINIC MARTIN NORTH HOSPITAL,FL,1.0656,750,4171,330.67,3
CLIFTON SPRINGS HOSPITAL AND CLINIC,NY,1.085,11,27,2.29,0
CLINCH VALLEY MEDICAL CENTER,VA,0.9977,63,358,-3.93,0
CLINTON MEMORIAL HOSPITAL,OH,1.0355,44,194,6.37,0
CLOVIS COMMUNITY MEDICAL CENTER,CA,1.0191,255,1457,14.73,1
COAST PLAZA HOSPITAL,CA,1.0183,54,234,2.89,0
COASTAL CAROLINA HOSPITAL,SC,0.9417,37,276,-15.5,0
COASTAL COMMUNITIES HOSPITAL,CA,1.0354,13,56,1.98,0
"COFFEE REGIONAL MEDICAL CENTER, INC",GA,1.0034,60,362,-2.6,0
"COLISEUM MEDICAL CENTERS, LLC, DBA",GA,1.0012,122,690,7.0,1
COLLEGE MEDICAL CENTER,CA,0.9998,19,94,-0.02,0
COLLETON MEDICAL CENTER,SC,1.0272,45,230,5.84,0
COLQUITT REGIONAL MEDICAL CENTER,GA,1.1058,102,424,46.83,2
COLUMBIA MEMORIAL HOSPITAL,NY,0.9987,73,404,1.53,0
COLUMBUS COMMUNITY HOSPITAL,TX,1.0167,11,57,0.95,0
"COLUMBUS COMMUNITY HOSPITAL, INC",NE,1.0233,11,71,1.65,0
COLUMBUS REGIONAL HEALTHCARE SYSTEM,NC,1.0165,64,315,4.82,0
COLUMBUS REGIONAL HOSPITAL,IN,1.0069,235,1310,-13.39,1
COLUSA MEDICAL CENTER,CA,1.017,12,63,1.07,0
COMANCHE COUNTY MEMORIAL HOSPITAL,OK,1.0737,305,1438,138.79,3
COMMUNITY FIRST MEDICAL CENTER,IL,1.0048,80,408,4.78,0
COMMUNITY HOSPITAL,IN,1.0604,510,2408,196.71,3
COMMUNITY HOSPITAL EAST,IN,1.0344,246,1391,77.37,2
COMMUNITY HOSPITAL NORTH,IN,0.9931,124,724,-4.63,1
COMMUNITY HOSPITAL OF ANDERSON AND MADISON COUNTY,IN,0.9526,76,538,-37.31,0
COMMUNITY HOSPITAL OF HUNTINGTON PARK,CA,1.0928,47,160,14.71,1
COMMUNITY HOSPITAL OF SAN BERNARDINO,CA,1.0333,12,41,1.37,0
COMMUNITY HOSPITAL OF THE MONTEREY PENINSULA,CA,1.0032,307,2185,-33.01,1
"COMMUNITY HOSPITAL SOUTH, INC.",IN,1.0092,167,929,5.91,1
COMMUNITY HOSPITALS AND WELLNESS CENTERS,OH,1.0229,18,88,2.02,0
COMMUNITY HOWARD REGIONAL HEALTH INC.,IN,0.9834,74,470,-8.18,0
COMMUNITY MEDICAL CENTER,MT,0.9998,31,183,-0.59,0
COMMUNITY MEDICAL CENTER,NJ,1.1122,776,3920,534.01,5
COMMUNITY MEMORIAL HOSPITAL,VA,0.9976,68,388,-0.85,0
COMMUNITY MEMORIAL HOSPITAL,WI,1.0412,144,732,46.88,1
COMMUNITY MEMORIAL HOSPITAL - VENTURA,CA,0.9877,139,891,-9.52,0
COMMUNITY REGIONAL MEDICAL CENTER,CA,1.071,306,1550,114.12,4
CONCORD HOSPITAL,NH,1.0079,232,1479,11.15,1
CONCORD HOSPITAL- LACONIA,NH,0.9852,105,668,-15.54,0
CONEMAUGH MEMORIAL MEDICAL CENTER,PA,1.0363,127,613,40.53,1
CONEMAUGH NASON MEDICAL CENTER,PA,0.9748,11,77,-1.94,0
CONFLUENCE HEALTH HOSPITAL,WA,0.9375,179,1272,-86.01,0
CONTRA COSTA REGIONAL MEDICAL CENTER,CA,1.0291,23,107,3.11,0
CONWAY MEDICAL CENTER,SC,1.069,136,739,50.94,2
"CONWAY REGIONAL MEDICAL CENTER, INC",AR,1.0053,156,962,1.26,0
COOKEVILLE REGIONAL MEDICAL CENTER,TN,1.0888,434,2281,198.67,5
"COOLEY DICKINSON HOSPITAL INC,THE",MA,1.0478,154,902,42.48,2
COOPER UNIVERSITY HOSPITAL,NJ,1.0452,282,1575,96.47,3
COOPERMAN BARNABAS MEDICAL CENTER,NJ,1.0424,328,1881,32.08,2
COOSA VALLEY MEDICAL CENTER,AL,1.0737,39,180,14.82,1
COPLEY MEMORIAL HOSPITAL,IL,0.978,209,1289,-41.03,0
CORAL GABLES HOSPITAL,FL,1.0078,43,217,-2.19,0
COREWELL HEALTH BIG RAPIDS HOSPITAL,MI,1.0177,48,258,3.79,0
COREWELL HEALTH LUDINGTON HOSPITAL,MI,0.9626,31,210,-9.34,0
COREWELL HEALTH TRENTON HOSPITAL,MI,1.064,237,1120,70.69,1
COREWELL HEALTH WAYNE HOSPITAL,MI,1.0358,90,435,9.47,0
CORNING HOSPITAL,NY,1.0516,73,397,18.29,1
CORONA REGIONAL MEDICAL CENTER,CA,1.0598,74,351,19.66,1
"CORPUS CHRISTI MEDICAL CENTER,THE",TX,1.0037,167,1161,-49.41,1
COSHOCTON REGIONAL MEDICAL CENTER,OH,0.9782,33,211,-6.0,0
COVENANT MEDICAL CENTER,MI,1.0709,333,1608,113.71,3
COVENANT MEDICAL CENTER,TX,0.9223,214,1521,-155.03,0
COX MEDICAL CENTER BRANSON,MO,0.943,95,682,-54.26,0
COX MEDICAL CENTERS,MO,0.9691,284,1862,-45.71,1
CRESTWOOD MEDICAL CENTER,AL,1.0749,163,850,70.58,3
CRISP REGIONAL HOSPITAL,GA,1.1089,27,116,12.63,1
CROSSGATES RIVER OAKS HOSPITAL,MS,1.0413,24,105,4.14,0
CROUSE HOSPITAL,NY,1.0594,220,1239,76.75,2
CROZER CHESTER MEDICAL CENTER,PA,1.0048,139,808,2.06,0
CRYSTAL CLINIC ORTHOPAEDIC CENTER,OH,0.8468,36,969,-148.45,0
CULLMAN REGIONAL MEDICAL CENTER,AL,1.0102,150,930,-5.51,1
CUMBERLAND MEDICAL CENTER,TN,1.0093,102,537,8.02,0
DALLAS MEDICAL CENTER,TX,1.0205,11,56,1.15,0
DALLAS REGIONAL MEDICAL CENTER,TX,1.0082,68,362,0.83,0
DAMERON HOSPITAL,CA,0.9916,47,302,-1.8,0
DANBURY HOSPITAL,CT,0.9541,428,2812,-49.65,1
DAVIS MEDICAL CENTER,WV,1.0015,49,277,0.58,0
DAY KIMBALL HOSPITAL,CT,1.0732,82,387,30.48,2
DCH REGIONAL MEDICAL CENTER,AL,1.0805,311,1601,112.34,3
DE TAR HOSPITAL NAVARRO,TX,1.002,117,693,-11.01,1
DEACONESS HENDERSON HOSPITAL,KY,1.0199,59,316,7.94,1
DEACONESS HOSPITAL INC,IN,1.0456,631,3766,123.54,3
DEACONESS ILLINOIS CROSSROADS,IL,1.0384,11,58,2.23,0
DEACONESS MEDICAL CENTER,WA,0.942,116,901,-59.72,0
DEBORAH HEART AND LUNG CENTER,NJ,1.045,169,880,47.9,2
DECATUR MEMORIAL HOSPITAL,IL,0.9469,176,1057,-69.99,0
DECATUR MORGAN HOSPITAL - DECATUR CAMPUS,AL,0.9582,138,916,-45.02,0
DEKALB REGIONAL MEDICAL CENTER,AL,1.0523,48,240,11.16,0
DELRAY MEDICAL CENTER,FL,1.0259,459,2557,13.35,0
DELTA HEALTH SYSTEM - THE MEDICAL CENTER,MS,1.0566,82,411,21.6,1
DENVER HEALTH & HOSPITAL AUTHORITY,CO,1.0194,13,57,1.11,0
DESERT REGIONAL MEDICAL CENTER,CA,1.0334,124,663,27.22,1
DESERT VALLEY HOSPITAL,CA,1.0666,150,635,64.98,2
DESOTO MEMORIAL HOSPITAL,FL,1.0076,13,79,0.6,0
DETROIT RECEIVING HOSPITAL,MI,1.0362,80,315,13.1,0
DICKINSON COUNTY MEMORIAL HOSPITAL,MI,0.989,39,238,-1.11,0
DIGNITY HEALTH ARIZONA GENERAL HOSPITAL,AZ,0.9484,13,139,-7.17,0
DOCTORS HOSPITAL,FL,1.0327,67,334,10.67,0
DOCTORS HOSPITAL,GA,0.9995,102,582,-7.75,0
DOCTORS HOSPITAL,OH,1.0022,80,452,-3.28,1
DOCTORS HOSPITAL OF LAREDO,TX,1.0266,53,268,10.41,1
DOCTORS HOSPITAL OF MANTECA,CA,1.0642,61,286,22.31,1
DOCTORS HOSPTAL AT RENAISSANCE,TX,0.9823,82,444,-10.47,0
DOCTORS MEDICAL CENTER,CA,1.0908,260,1368,88.8,3
DOMINICAN HOSPITAL,CA,0.9974,205,1373,-22.14,1
DOYLESTOWN HOSPITAL,PA,1.0452,457,2977,102.86,4
DUBLIN METHODIST HOSPITAL,OH,0.9613,69,471,-18.79,0
DUKE HEALTH LAKE NORMAN HOSPITAL,NC,1.0581,63,325,18.96,1
DUKE REGIONAL HOSPITAL,NC,1.0023,179,1013,-8.68,0
DUKE UNIVERSITY HOSPITAL,NC,0.912,327,2458,-272.33,0
"DUNCAN REGIONAL HOSPITAL, INC",OK,0.9682,123,804,-15.81,1
DUPONT HOSPITAL LLC,IN,1.1035,18,70,7.24,0
DYERSBURG REGIONAL MEDICAL CENTER,TN,0.9975,88,489,-4.88,0
EAST CARROLL PARISH HOSPITAL,LA,1.1093,16,48,5.25,0
EAST COOPER MEDICAL CENTER,SC,0.9757,32,220,-6.45,0
EAST GEORGIA REGIONAL MEDICAL CENTER,GA,1.0165,119,645,5.62,0
EAST JEFFERSON GENERAL HOSPITAL,LA,1.0362,190,1037,23.14,1
EAST LIVERPOOL CITY HOSPITAL,OH,1.0794,105,414,35.63,2
EAST OHIO REGIONAL HOSPITAL,OH,1.0919,38,145,14.48,1
EASTERN IDAHO REGIONAL MEDICAL CENTER,ID,0.8861,71,735,-83.33,0
EASTERN NEW MEXICO MEDICAL CENTER,NM,1.028,96,567,12.16,0
ECU HEALTH MEDICAL CENTER,NC,1.1065,657,3938,162.2,5
ECU HEALTH NORTH HOSPITAL,NC,1.0363,99,485,14.93,1
EDEN MEDICAL CENTER,CA,0.9737,102,632,-20.13,0
EDWARD HOSPITAL,IL,1.0712,494,2893,135.04,4
EDWARD W SPARROW HOSPITAL,MI,0.914,213,1427,-124.24,0
EISENHOWER MEDICAL CENTER,CA,0.9398,493,3442,-204.9,2
EL CAMINO HEALTH,CA,1.0376,344,2111,38.04,2
EL CAMPO MEMORIAL HOSPITAL,TX,1.0458,23,85,3.89,0
EL CENTRO REGIONAL MEDICAL CENTER,CA,0.9975,81,483,-1.41,0
ELKHART GENERAL HOSPITAL,IN,0.9705,152,1074,-41.86,1
ELLIOT HOSPITAL,NH,0.9874,195,1247,-18.67,1
ELLIS HOSPITAL,NY,1.0114,188,1107,10.3,1
ELMHURST HOSPITAL CENTER,NY,0.9683,48,298,-8.42,0
ELMHURST MEMORIAL HOSPITAL,IL,1.0557,516,3375,229.19,4
EMANATE HEALTH FOOTHILL PRESBYTERIAN HOSPITAL,CA,0.9779,58,368,-12.55,0
EMANATE HEALTH INTER-COMMUNITY HOSPITAL,CA,1.0549,218,1115,72.06,2
EMANUEL MEDICAL CENTER,CA,1.045,222,1259,69.75,2
EMANUEL MEDICAL CENTER,GA,0.9893,11,61,-0.65,0
EMERSON HOSPITAL -,MA,1.0222,146,846,0.19,0
EMORY DECATUR HOSPITAL,GA,1.0343,102,556,10.22,0
EMORY HILLANDALE HOSPITAL,GA,1.1152,23,77,8.87,0
EMORY HOUSTON HOSPITAL WARNER ROBINS,GA,1.0207,243,1369,40.29,1
EMORY JOHNS CREEK HOSPITAL,GA,0.9991,127,740,-13.02,0
EMORY UNIVERSITY HOSPITAL,GA,1.0158,175,972,8.94,0
EMORY UNIVERSITY HOSPITAL MIDTOWN,GA,1.0402,127,581,33.59,1
ENCINO HOSPITAL MEDICAL CENTER,CA,1.034,68,288,8.33,0
ENGLEWOOD HOSPITAL AND MEDICAL CENTER,NJ,1.0309,284,1968,24.13,3
ENLOE HEALTH,CA,1.0242,687,4020,217.93,4
EPHRAIM MCDOWELL REGIONAL MEDICAL CENTER,KY,0.9956,126,827,-4.62,1
ERIE COUNTY MEDICAL CENTER,NY,1.0224,65,292,7.6,0
ERLANGER MEDICAL CENTER,TN,0.9482,147,1108,-79.07,0
ESKENAZI HEALTH,IN,1.0372,79,349,11.7,0
ESSENTIA HEALTH,ND,0.9738,154,927,-26.52,0
ESSENTIA HEALTH ST JOSEPH'S MEDICAL CENTER,MN,1.0114,66,385,2.81,0
ESSENTIA HEALTH ST MARY'S MEDICAL CENTER,MN,0.9674,107,678,-26.21,0
ESSENTIA HEALTH ST MARYS - DETROIT LAKES,MN,1.0001,18,93,0.01,0
EUCLID HOSPITAL,OH,1.0049,66,346,2.16,0
EVERGREEN MEDICAL CENTER,AL,1.0231,11,80,1.85,0
EVERGREENHEALTH MEDICAL CENTER,WA,0.9181,182,1379,-150.15,0
EXCELA HEALTH - FRICK HOSPITAL,PA,0.9723,25,163,-5.72,0
EXCELA HEALTH LATROBE HOSPITAL,PA,0.9848,57,319,-5.79,0
EXCELA HEALTH WESTMORELAND REGIONAL HOSPITAL,PA,1.0532,169,1167,113.59,2
EXETER HOSPITAL INC,NH,0.9793,126,855,-31.34,0
F F THOMPSON HOSPITAL,NY,1.094,66,295,25.34,1
FAIRBANKS MEMORIAL HOSPITAL,AK,0.9376,34,298,-18.17,0
FAIRFIELD MEDICAL CENTER,OH,1.034,165,953,33.47,2
FAIRVIEW HOSPITAL,OH,0.9851,319,1793,-21.82,1
FAIRVIEW LAKES HEALTH SERVICES,MN,1.0252,43,220,2.41,0
FAIRVIEW NORTHLAND REGIONAL HOSPITAL,MN,1.0159,11,50,0.8,0
FAIRVIEW PARK HOSPITAL,GA,1.0298,119,610,21.29,1
FAITH REGIONAL HEALTH SERVICES,NE,0.9584,72,555,-22.78,0
FALMOUTH HOSPITAL,MA,1.042,261,1466,71.25,2
FAUQUIER HOSPITAL,VA,1.0099,75,452,7.95,1
FHN MEMORIAL HOSPITAL,IL,0.9128,35,337,-29.35,0
FINLEY HOSPITAL,IA,1.0122,48,315,4.51,0
FIRELANDS REGIONAL MEDICAL CENTER,OH,0.9896,134,888,-9.2,0
FIRSTHEALTH MOORE REGIONAL HOSPITAL,NC,1.038,419,2779,21.29,3
FISHER-TITUS HOSPITAL,OH,1.0384,93,476,18.01,2
FITZGIBBON HOSPITAL,MO,1.0242,29,169,3.08,0
FLAGLER HOSPITAL,FL,1.0206,279,1589,27.74,2
FLAGSTAFF MEDICAL CENTER,AZ,0.9934,113,724,0.84,1
FLOWERS HOSPITAL,AL,1.0902,191,1297,98.89,4
FLUSHING HOSPITAL MEDICAL CENTER,NY,0.9947,98,453,-8.93,0
FOOTHILL REGIONAL MEDICAL CENTER,CA,0.975,33,179,-4.48,0
FORBES HOSPITAL,PA,1.0257,168,853,24.2,1
FORREST GENERAL HOSPITAL,MS,1.0357,420,2590,83.42,4
FORT DUNCAN MEDICAL CENTER,TX,1.0129,29,149,-0.14,0
FORT HAMILTON HUGHES MEMORIAL HOSPITAL,OH,1.0137,119,661,-6.05,0
FORT LOUDOUN MEDICAL CENTER,TN,1.0268,42,231,6.18,0
FORT SANDERS REGIONAL MEDICAL CENTER,TN,1.0842,171,786,76.14,3
FRANCISCAN HEALTH CRAWFORDSVILLE,IN,1.0026,33,192,1.02,0
FRANCISCAN HEALTH CROWN POINT,IN,0.979,236,1393,-10.02,0
FRANCISCAN HEALTH DYER,IN,1.0231,160,761,17.36,1
FRANCISCAN HEALTH INDIANAPOLIS,IN,1.0146,412,2382,-4.63,1
FRANCISCAN HEALTH LAFAYETTE,IN,0.9716,190,1105,-33.02,0
FRANCISCAN HEALTH MICHIGAN CITY,IN,1.0759,183,913,57.74,3
FRANCISCAN HEALTH MOORESVILLE,IN,1.0119,48,284,5.56,0
FRANCISCAN HEALTH MUNSTER,IN,1.0514,105,466,32.03,1
FRANCISCAN HEALTH OLYMPIA & CHICAGO HEIGHTS,IL,1.0366,215,1028,42.44,1
FRANKFORT REGIONAL MEDICAL CENTER,KY,1.0054,61,367,-4.76,0
FRANKLIN MEDICAL CENTER,LA,1.0012,13,88,0.11,0
FRANKLIN WOODS COMMUNITY HOSPITAL,TN,0.9971,38,248,0.18,0
FREDERICK HEALTH HOSPITAL,MD,0.9724,350,2189,-122.39,1
FREEMAN HEALTH SYSTEM - FREEMAN WEST,MO,0.9717,226,1344,-34.84,0
FRENCH HOSPITAL MEDICAL CENTER,CA,0.9938,145,935,-4.98,0
FRISBIE MEMORIAL HOSPITAL,NH,1.0202,30,178,3.73,0
FROEDTERT MEMORIAL LUTHERAN HOSPITAL,WI,1.0708,282,1423,29.7,4
FROEDTERT SOUTH INC.,WI,1.0221,109,616,16.72,1
FRYE REGIONAL MEDICAL CENTER,NC,1.0402,172,1062,27.88,1
GADSDEN REGIONAL MEDICAL CENTER,AL,1.0354,116,613,1.76,0
GARDEN CITY HOSPITAL,MI,1.0734,125,541,48.03,1
GARDEN GROVE HOSPITAL & MEDICAL CENTER,CA,1.075,94,393,49.11,1
GARFIELD MEDICAL CENTER,CA,1.0371,105,587,24.58,1
GARNET HEALTH  MEDICAL CENTER CATSKILLS,NY,1.0092,79,407,4.99,0
GARNET HEALTH MEDICAL CENTER,NY,1.0387,532,2681,151.54,2
GARRETT REGIONAL MEDICAL CENTER,MD,0.9795,13,76,-1.56,0
GATEWAY REGIONAL MEDICAL CENTER,IL,1.0043,12,79,0.34,0
GEISINGER MEDICAL CENTER,PA,1.0114,307,1738,59.97,2
GEISINGER ST. LUKE'S  HOSPITAL,PA,1.0352,96,499,14.52,1
GEISINGER WYOMING VALLEY MEDICAL CENTER,PA,0.9997,292,1599,32.36,1
GEISINGER-BLOOMSBURG HOSPITAL,PA,1.0128,14,74,0.95,0
GEISINGER-COMMUNITY MEDICAL CENTER,PA,1.0118,265,1480,32.13,1
GEISINGER-LEWISTOWN HOSPITAL,PA,0.9726,88,552,-14.88,0
GENESIS HLTH SYSTEM DBA GENESIS MDL CTR-ILLINI,IL,0.9634,28,205,-7.36,0
GENESIS HOSPITAL,OH,0.9464,256,1554,-86.73,0
GENESIS MEDICAL CENTER-DAVENPORT,IA,1.0615,370,2124,124.55,3
GENEVA GENERAL HOSPITAL,NY,1.0512,68,329,17.0,1
GEORGE WASHINGTON UNIV HOSPITAL,DC,0.9751,131,765,-21.15,0
GEORGETOWN COMMUNITY HOSPITAL,KY,1.0379,24,115,4.38,0
GETTYSBURG HOSPITAL,PA,0.9158,97,777,-79.97,0
GLENDALE ADVENTIST MEDICAL CENTER,CA,1.0764,578,2771,303.1,3
GLENDALE MEM HOSPITAL & HLTH CENTER,CA,1.0352,222,1056,67.2,2
GLENS FALLS HOSPITAL,NY,0.9734,146,951,-42.13,0
GLENWOOD REGIONAL MEDICAL CENTER,LA,1.0961,217,1051,112.41,2
GOLDEN VALLEY MEMORIAL HOSPITAL,MO,0.9959,38,213,-0.79,0
GOLETA VALLEY COTTAGE HOSPITAL,CA,0.9882,16,359,-4.24,0
GOOD SAMARITAN HOSPITAL,CA,1.0871,308,1705,105.88,2
GOOD SAMARITAN HOSPITAL,IN,1.0276,155,903,49.7,2
GOOD SAMARITAN HOSPITAL,OH,0.9902,116,755,-19.43,0
GOOD SAMARITAN HOSPITAL MEDICAL CENTER,NY,0.9237,290,2040,-211.57,1
GOOD SAMARITAN HOSPITAL OF SUFFERN,NY,1.0893,364,1795,189.43,4
GOOD SAMARITAN MEDICAL CENTER,FL,1.1538,170,860,102.38,3
GOOD SAMARITAN MEDICAL CENTER,MA,1.0529,384,2270,173.4,4
GOOD SAMARITAN MEDICAL CENTER LLC,CO,1.0011,30,190,0.54,0
GOOD SAMARITAN REGIONAL HLTH CENTER,IL,1.0039,205,1427,-10.55,1
GOOD SAMARITAN REGIONAL MEDICAL CENTER,OR,0.946,74,597,-38.62,0
GOSHEN HOSPITAL,IN,0.9774,65,488,-17.22,0
GRADY MEMORIAL HOSPITAL,GA,1.0474,66,313,21.12,1
GRADY MEMORIAL HOSPITAL,OH,0.9785,33,219,-4.59,0
GRADY MEMORIAL HOSPITAL,OK,0.9908,11,71,-0.65,0
GRAHAM HOSPITAL ASSOCIATION,IL,1.0012,30,192,-0.43,0
GRAND ISLAND REGIONAL MEDICAL CENTER,NE,1.0562,30,137,8.1,0
GRAND ITASCA CLINIC AND HOSPITAL,MN,1.0075,12,77,0.58,0
GRAND LAKE HEALTH SYSTEM,OH,0.9633,32,239,-8.76,0
GRAND STRAND REGIONAL MEDICAL CENTER,SC,1.0688,441,2860,57.4,3
GRANDVIEW MEDICAL CENTER,AL,1.0154,267,1802,-8.21,2
GRANT MEDICAL CENTER,OH,1.019,153,796,29.22,2
GRANVILLE HEALTH SYSTEMS,NC,1.0186,17,101,1.88,0
GRAYS HARBOR COMMUNITY HOSPITAL,WA,1.0045,84,520,2.62,0
GREAT FALLS CLINIC HOSPITAL,MT,0.9813,13,88,-1.65,0
GREAT PLAINS HEALTH,NE,1.0487,138,668,35.59,1
GREAT PLAINS REGIONAL MEDICAL CENTER,OK,0.9866,14,104,-1.39,0
GREAT RIVER MEDICAL CENTER,AR,1.0847,16,64,5.42,0
GREATER BALTIMORE MEDICAL CENTER,MD,0.9381,203,1342,-84.54,0
GREATER EL MONTE COMMUNITY HOSPITAL,CA,1.0141,31,151,2.13,0
GREENEVILLE COMMUNITY HOSPITAL,TN,1.0685,94,452,36.27,2
GREENWICH HOSPITAL ASSOCIATION -,CT,1.061,228,1211,50.87,3
GREENWOOD LEFLORE HOSPITAL,MS,0.9939,11,59,-0.36,0
GRIFFIN HOSPITAL,CT,0.9492,47,344,-18.81,0
GROSSMONT HOSPITAL,CA,1.0343,315,1657,54.71,3
GUADALUPE REGIONAL MEDICAL CENTER,TX,1.0425,79,440,21.88,2
GULF BREEZE HOSPITAL,FL,1.0096,93,532,6.17,1
GULF COAST MEDICAL CENTER LEE HEALTH,FL,0.9799,484,2780,-81.88,2
GUNDERSEN LUTHERAN MEDICAL CENTER,WI,0.9288,108,862,-70.29,0
GUTHRIE CORTLAND REGIONAL MEDICAL CENTER,NY,1.0494,78,441,18.11,1
HACKENSACK MERIDIAN HEALTH PASCACK VALLEY MEDICAL,NJ,0.9634,72,477,-17.43,0
HACKENSACK MERIDIAN MOUNTAINSIDE MEDICAL,NJ,1.0172,203,1083,30.4,2
HACKENSACK UNIVERSITY MEDICAL CENTER,NJ,0.9388,577,3167,-121.61,1
HALIFAX HEALTH MEDICAL CENTER,FL,1.0588,208,1112,62.9,3
HAMILTON MEDICAL CENTER,GA,1.0066,188,1087,1.55,1
HANCOCK REGIONAL HOSPITAL,IN,1.0095,63,356,3.63,0
HANNIBAL REGIONAL HOSPITAL,MO,1.113,224,1008,108.52,3
HARBORVIEW MEDICAL CENTER,WA,0.9686,15,86,-2.7,0
HARDIN MEDICAL CENTER,TN,1.016,17,112,1.79,0
HARLAN ARH HOSPITAL,KY,1.0669,70,274,21.92,1
HARLEM HOSPITAL CENTER,NY,1.0424,51,179,7.85,0
HARLINGEN MEDICAL CENTER,TX,0.9868,65,397,-14.38,0
HARPER UNIVERSITY HOSPITAL,MI,0.9885,71,369,-10.12,0
HARRIS HEALTH,TX,1.0334,15,54,1.8,0
HARRIS REGIONAL HOSPITAL,NC,0.9753,24,173,-4.27,0
HARRISON MEDICAL CENTER,WA,0.9243,265,2151,-239.62,0
HARRISON MEMORIAL HOSPITAL,KY,1.0348,16,102,3.55,0
HARTFORD HOSPITAL,CT,1.0356,593,3382,244.55,4
HAVASU REGIONAL MEDICAL CENTER,AZ,1.0122,140,868,8.56,0
HAYS MEDICAL CENTER,KS,0.9359,159,1038,-44.69,1
HAYWOOD REGIONAL MEDICAL CENTER,NC,0.9711,89,641,-22.14,0
HAZARD ARH REGIONAL MEDICAL CENTER,KY,1.0531,124,541,30.36,1
HCA FLORIDA AVENTURA HOSPITAL,FL,1.0442,211,1089,7.23,2
HCA FLORIDA BAYONET POINT HOSPITAL,FL,1.1238,243,1088,104.71,3
HCA FLORIDA BLAKE HOSPITAL,FL,1.0658,186,984,60.56,2
HCA FLORIDA BRANDON HOSPITAL,FL,1.0421,209,1084,64.99,2
HCA FLORIDA CAPITAL HOSPITAL,FL,1.0641,133,679,50.97,2
HCA FLORIDA CITRUS HOSPITAL,FL,0.9853,267,1581,-21.3,1
HCA FLORIDA ENGLEWOOD HOSPITAL,FL,1.0618,120,637,39.44,2
HCA FLORIDA FAWCETT HOSPITAL,FL,1.0743,305,1493,131.97,2
HCA FLORIDA FORT WALTON-DESTIN HOSPITAL,FL,1.0953,324,1612,178.81,4
HCA FLORIDA GULF COAST HOSPITAL,FL,1.0053,229,1286,-6.95,0
HCA FLORIDA HIGHLANDS HOSPITAL,FL,1.0439,95,459,24.41,1
HCA FLORIDA JFK HOSPITAL,FL,1.0765,403,2273,121.04,5
HCA FLORIDA KENDALL HOSPITAL,FL,1.0273,109,541,2.41,1
HCA FLORIDA LAKE CITY HOSPITAL,FL,1.0879,238,1102,113.6,2
HCA FLORIDA LARGO HOSPITAL,FL,1.041,207,977,67.93,2
HCA FLORIDA LAWNWOOD HOSPITAL,FL,1.0947,259,1307,134.5,4
HCA FLORIDA LEHIGH REGIONAL MEDICAL CENTER,FL,1.0747,30,112,6.0,0
HCA FLORIDA MEMORIAL HOSPITAL,FL,0.9926,155,823,-17.0,0
HCA FLORIDA MERCY HOSPITAL,FL,1.0176,80,405,4.94,1
HCA FLORIDA NORTH FLORIDA HOSPITAL,FL,0.9926,512,3095,-5.88,2
HCA FLORIDA NORTHSIDE HOSPITAL,FL,1.1211,184,713,90.04,3
HCA FLORIDA NORTHWEST HOSPITAL,FL,1.0495,145,711,35.22,1
HCA FLORIDA OAK HILL HOSPITAL,FL,1.137,346,1876,107.61,4
HCA FLORIDA ORANGE PARK HOSPITAL,FL,0.9663,224,1216,-58.32,1
HCA FLORIDA OSCEOLA HOSPITAL,FL,1.0938,118,513,44.98,3
HCA FLORIDA PALMS WEST HOSPITAL,FL,1.0604,97,464,39.84,1
HCA FLORIDA PASADENA HOSPITAL A PART OF HCA FLORID,FL,0.9827,62,374,-12.71,0
HCA FLORIDA POINCIANA HOSPITAL,FL,1.0978,56,226,24.04,1
HCA FLORIDA PUTNAM HOSPITAL,FL,1.0195,159,795,19.9,1
HCA FLORIDA RAULERSON HOSPITAL,FL,1.0588,99,447,27.74,1
HCA FLORIDA SARASOTA DOCTORS HOSPITAL,FL,1.023,197,1407,42.4,2
HCA FLORIDA SOUTH SHORE HOSPITAL,FL,1.0658,167,837,58.05,2
HCA FLORIDA SOUTH TAMPA HOSPITAL,FL,1.0507,71,303,17.3,1
HCA FLORIDA ST PETERSBURG HOSPITAL,FL,1.0383,50,226,9.13,0
HCA FLORIDA TRINITY HOSPITAL,FL,1.0757,162,757,46.95,3
HCA FLORIDA TWIN CITIES HOSPITAL,FL,1.0793,86,361,41.85,1
HCA FLORIDA WEST HOSPITAL,FL,1.049,284,1556,89.2,3
HCA HEALTHONE MOUNTAIN RIDGE,CO,1.0526,37,158,8.4,0
HCA HEALTHONE PRESBYTERIAN ST LUKES,CO,1.0189,25,119,2.05,0
HCA HEALTHONE ROSE,CO,1.0511,65,334,19.17,1
HCA HOUSTON HEALTHCARE CLEAR LAKE,TX,1.0174,286,1434,75.35,2
HCA HOUSTON HEALTHCARE CONROE,TX,1.0727,145,715,52.77,2
HCA HOUSTON HEALTHCARE KINGWOOD,TX,1.0192,342,1868,23.71,2
HCA HOUSTON HEALTHCARE MEDICAL CENTER,TX,1.0333,37,158,3.9,0
HCA HOUSTON HEALTHCARE NORTHWEST,TX,1.044,52,207,8.95,0
HCA HOUSTON HEALTHCARE PEARLAND,TX,1.034,37,156,5.17,0
HCA HOUSTON HEALTHCARE SOUTHEAST,TX,0.9994,47,261,-0.93,0
HCA HOUSTON HEALTHCARE TOMBALL,TX,1.0636,135,660,38.47,2
HCA HOUSTON HEALTHCARE WEST,TX,0.9969,60,318,-1.86,0
HCA-HEALTHONE DBA SWEDISH MEDICAL CENTER,CO,0.9988,79,491,2.33,0
HEALTHALLIANCE HOSPITAL MARYS AVENUE CAMPUS,NY,1.0022,149,863,1.2,0
HEARTLAND REGIONAL MEDICAL CENTER,IL,1.0687,77,318,21.6,1
HELEN KELLER HOSPITAL,AL,0.9815,102,659,-17.09,0
HEMET GLOBAL MEDICAL CENTER,CA,1.0206,56,283,10.67,1
HENDERSON HOSPITAL,NV,1.0694,203,1039,64.22,3
HENDRICK MEDICAL CENTER,TX,0.9585,390,3048,-149.6,1
HENDRICK MEDICAL CENTER BROWNWOOD,TX,0.974,42,308,-7.22,0
HENDRICKS REGIONAL HEALTH,IN,0.9761,99,655,-18.52,0
HENNEPIN COUNTY MEDICAL CENTER,MN,1.0006,46,224,-0.97,0
HENRICO DOCTORS' HOSPITAL,VA,1.0702,319,1997,101.38,3
HENRY COUNTY MEMORIAL HOSPITAL,IN,1.0191,60,342,7.85,0
HENRY FORD ALLEGIANCE HEALTH,MI,1.0209,312,1826,10.66,2
HENRY FORD HEALTH HOSPITAL,MI,1.0431,239,1186,61.98,3
HENRY FORD HEALTH ST JOHN HOSPITAL,MI,1.0334,234,1008,59.5,2
HENRY FORD HEALTH WEST BLOOMFIELD HOSPITAL,MI,1.0965,282,1335,145.17,3
HENRY FORD MACOMB HOSPITAL,MI,0.9656,375,2253,-98.41,0
HENRY MAYO NEWHALL  HOSPITAL,CA,1.0324,175,961,28.17,1
HERITAGE VALLEY BEAVER,PA,0.9846,89,584,-12.15,0
HERITAGE VALLEY SEWICKLEY,PA,0.9775,37,249,-6.14,0
HERRIN HOSPITAL,IL,1.1195,172,919,74.38,3
HEYWOOD HOSPITAL -,MA,1.0493,113,617,27.13,2
HI-DESERT MEDICAL CENTER,CA,1.0114,14,92,1.05,0
HIALEAH HOSPITAL,FL,1.085,63,229,13.95,1
HIGH POINT REGIONAL HEALTH SYSTEM,NC,1.018,155,772,16.31,1
HIGHLAND COMMUNITY  HOSPITAL,MS,1.0656,37,166,10.14,0
HIGHLAND HOSPITAL,CA,1.021,117,612,12.74,1
HIGHLAND HOSPITAL,NY,1.0273,120,643,18.28,0
HIGHLANDS ARH REGIONAL MEDICAL CENTER,KY,1.0468,39,174,8.96,0
HIGHLANDS MEDICAL CENTER,AL,0.9641,15,124,-4.45,0
HIGHLINE MEDICAL CENTER,WA,0.9916,72,431,-10.84,0
HIGHPOINT HEALTH-SUMNER WITH ASCENSION SAINT THOMA,TN,0.9867,98,543,-11.44,0
HILL COUNTRY MEMORIAL HOSPITAL,TX,1.0082,14,81,0.66,0
HILLCREST HOSPITAL,OH,0.985,438,2543,-57.7,0
HILLCREST HOSPITAL CLAREMORE,OK,0.9254,11,123,-9.18,0
HILLCREST HOSPITAL SOUTH,OK,0.9767,167,1018,-45.35,1
HILLCREST MEDICAL CENTER,OK,0.9669,266,1559,-72.09,0
HILLSBORO MEDICAL CENTER,OR,0.9837,39,253,-4.7,0
HILLSDALE HOSPITAL,MI,1.0186,11,53,0.99,0
HILO BENIOFF MEDICAL CENTER,HI,0.9988,102,741,-18.3,1
HILTON HEAD REGIONAL MEDICAL CENTER,SC,1.059,194,1114,72.24,2
HMHP ST ELIZABETH BOARDMAN HEALTH CENTER,OH,1.064,234,1155,81.29,2
HOAG MEMORIAL HOSPITAL PRESBYTERIAN,CA,0.9384,385,2624,-154.72,0
HOAG ORTHOPEDIC INSTITUTE,CA,0.8244,34,803,-141.01,0
HOLLAND COMMUNITY HOSPITAL,MI,0.9772,31,189,-4.31,0
HOLLYWOOD PRESBYTERIAN MEDICAL CENTER,CA,1.039,148,676,47.85,2
HOLMES REGIONAL MEDICAL CENTER,FL,0.8819,286,2098,-275.25,0
HOLY CROSS GERMANTOWN HOSPITAL,MD,1.0795,110,491,42.59,2
HOLY CROSS HOSPITAL,FL,0.9988,278,1601,10.57,1
HOLY CROSS HOSPITAL,IL,1.0181,62,272,3.03,0
HOLY CROSS HOSPITAL,MD,0.9924,161,974,-16.05,0
HOLY CROSS HOSPITAL-DAVIS,UT,0.9399,29,272,-15.84,0
HOLY CROSS HOSPITAL-JORDAN VALLEY,UT,0.9744,39,292,-8.23,0
HOLY FAMILY HOSPITAL,MA,1.1552,268,1526,155.21,4
HOLY FAMILY MEMORIAL,WI,1.0128,35,197,1.58,0
HOLY NAME MEDICAL CENTER,NJ,0.9809,233,1395,-17.04,1
HOLY REDEEMER HOSPITAL AND MEDICAL CENTER,PA,1.0277,196,1346,38.79,2
HOLYOKE MEDICAL CENTER,MA,1.0624,128,680,45.37,2
HOLZER MEDICAL CENTER,OH,0.9598,86,551,-26.15,0
HOMESTEAD HOSPITAL,FL,0.982,38,231,-7.7,0
HONOR HEALTH JOHN C. LINCOLN MEDICAL CENTER,AZ,0.9895,99,661,-15.21,1
HONORHEALTH DEER VALLEY MEDICAL CENTER,AZ,1.0164,169,981,12.8,1
HONORHEALTH MOUNTAIN VISTA MEDICAL CENTER,AZ,0.959,42,322,-12.71,0
HONORHEALTH SCOTTSDALE OSBORN MEDICAL CENTER,AZ,1.0232,184,1067,35.32,2
HONORHEALTH SCOTTSDALE SHEA MEDICAL CENTER,AZ,1.0719,337,1987,103.52,3
HONORHEALTH SCOTTSDALE THOMPSON PEAK MED CTR,AZ,1.0547,164,1156,50.81,2
HONORHEALTH SONORAN CROSSING MEDICAL CENTER,AZ,1.0878,54,252,20.64,2
HOSPITAL FOR SPECIAL SURGERY,NY,0.6738,104,3253,-1061.13,0
HOSPITAL OF UNIV OF PENNSYLVANIA,PA,1.005,267,1463,-0.71,1
HOUSTON METHODIST BAYTOWN HOSPITAL,TX,0.9502,182,1063,-90.7,0
HOUSTON METHODIST CLEAR LAKE HOSPITAL,TX,1.0162,156,786,8.56,1
HOUSTON METHODIST HOSPITAL,TX,0.9536,588,3405,-193.3,0
HOUSTON METHODIST SUGARLAND HOSPITAL,TX,1.033,466,2282,59.72,2
HOUSTON METHODIST THE WOODLANDS HOSPITAL,TX,1.005,348,1873,-22.47,0
HOUSTON METHODIST WEST HOSPITAL,TX,0.993,217,1190,-9.54,1
HOUSTON METHODIST WILLOWBROOK HOSPITAL,TX,1.053,361,1700,120.72,2
HOWARD UNIVERSITY HOSPITAL CORP,DC,1.0914,95,332,34.33,1
HSHS ST ELIZABETH'S HOSPITAL,IL,0.9866,215,1233,-21.99,0
HUDSON REGIONAL HOSPITAL,NJ,1.081,31,134,10.12,0
HUDSON VALLEY HOSPITAL CENTER,NY,0.9493,175,1073,-69.23,0
HUGH CHATHAM MEMORIAL HOSPITAL,NC,1.0139,49,278,4.29,0
HUMBOLDT PARK HEALTH,IL,1.0408,29,118,4.87,0
HUNT REGIONAL MEDICAL CENTER,TX,1.0314,186,1027,35.56,1
HUNTERDON MEDICAL CENTER,NJ,1.0409,216,1401,81.69,2
HUNTINGTON BEACH HOSPITAL,CA,1.0649,57,242,11.59,0
HUNTINGTON HOSPITAL,CA,1.0635,308,1530,124.63,3
HUNTSVILLE HOSPITAL,AL,0.9297,562,3786,-215.31,0
HUNTSVILLE MEMORIAL HOSPITAL,TX,1.0295,63,356,10.01,1
HURLEY MEDICAL CENTER,MI,0.9815,81,483,-0.71,1
HURON VALLEY-SINAI HOSPITAL,MI,1.0528,110,718,4.72,1
HUTCHINSON REGIONAL MEDICAL CENTER INC,KS,0.9342,133,1000,-79.74,0
Henry Ford Health Warren Hospital,MI,1.047,373,1699,75.77,3
IBERIA MEDICAL CENTER,LA,0.9564,57,385,-16.74,0
"IDAHO FALLS COMMUNITY HOSPITAL, LLC",ID,0.9573,15,134,-5.72,0
INDEPENDENCE HEALTH SYSTEM BUTLER MEMORIAL HOSPITA,PA,0.9854,95,629,-18.26,0
INDIAN PATH COMMUNITY HOSPITAL,TN,1.084,16,77,6.47,0
INDIANA REGIONAL MEDICAL CENTER,PA,1.0362,48,254,9.92,1
INDIANA UNIVERSITY HEALTH,IN,1.0018,233,1353,-14.44,1
INDIANA UNIVERSITY HEALTH ARNETT HOSPITAL,IN,0.9755,226,1391,-46.03,0
INDIANA UNIVERSITY HEALTH BALL MEMORIAL HOSPITAL,IN,1.0002,360,2172,-8.11,2
INDIANA UNIVERSITY HEALTH BLOOMINGTON HOSPITAL,IN,0.9092,177,1314,-156.1,0
INDIANA UNIVERSITY HEALTH NORTH HOSPITAL,IN,0.9468,77,541,-40.18,1
INGALLS MEMORIAL HOSPITAL,IL,1.0651,176,761,85.66,1
INOVA ALEXANDRIA HOSPITAL,VA,0.9409,207,1369,-77.75,0
INOVA FAIR OAKS HOSPITAL,VA,0.9672,127,837,-26.79,1
INOVA FAIRFAX HOSPITAL,VA,0.9396,608,3891,-145.47,1
INOVA LOUDOUN HOSPITAL,VA,0.9146,305,2162,-226.61,0
INOVA MOUNT VERNON HOSPITAL,VA,0.9928,116,844,-10.72,1
INSIGHT HOSPITAL AND MEDICAL CENTER CHICAGO,IL,1.0218,11,57,1.24,0
INSIGHT HOSPITAL AND MEDICAL CENTER COLDWATER,MI,1.0436,49,273,12.67,1
INSIGHT HOSPITAL AND MEDICAL CENTER TRUMBULL,OH,1.0369,130,667,23.11,1
INSPIRA MEDICAL CENTER MULLICA HILL,NJ,1.0588,339,1766,121.86,2
INSPIRA MEDICAL CENTER VINELAND,NJ,1.0916,346,1588,179.47,3
INSTITUTE FOR ORTHOPAEDIC SURGERY,OH,0.8619,12,373,-51.51,0
"INTEGRIS BAPTIST MEDICAL CENTER, INC",OK,0.9977,348,2193,-57.08,1
INTEGRIS CANADIAN VALLEY HOSPITAL,OK,0.9928,50,350,-1.24,0
INTEGRIS GROVE HOSPITAL,OK,0.9876,26,181,-3.88,0
INTEGRIS HEALTH EDMOND HOSPITAL,OK,0.9806,61,457,-18.88,0
INTEGRIS HEALTH ENID HOSPITAL,OK,0.9868,56,380,-5.68,0
INTEGRIS HEALTH PONCA CITY,OK,0.9938,18,128,-0.79,0
INTEGRIS SOUTHWEST MEDICAL CENTER,OK,1.01,158,895,-3.05,0
INTERMOUNTAIN HEALTH ST VINCENT REGIONAL HOSPITAL,MT,0.9043,142,1292,-155.35,0
INTERMOUNTAIN HEALTH ST. MARY'S REGIONAL HOSPITAL,CO,0.8886,81,782,-94.88,0
INTERMOUNTAIN HEALTH UTAH VALLEY HOSPITAL,UT,0.8972,118,1081,-113.67,0
INTERMOUNTAIN MEDICAL CENTER,UT,0.8224,143,1503,-335.35,0
IREDELL MEMORIAL HOSPITAL INC,NC,0.9704,134,836,-28.28,0
ISLAND HOSPITAL,WA,0.9857,16,105,-1.5,0
IU HEALTH WEST HOSPITAL,IN,0.9651,159,954,-34.21,0
JACKSON COUNTY MEMORIAL HOSPITAL AUTHORITY,OK,0.9663,34,445,-13.96,0
JACKSON HEALTH SYSTEM,FL,1.0154,246,1185,30.06,1
JACKSON HOSPITAL,FL,1.0364,67,374,13.14,0
JACKSON HOSPITAL & CLINIC INC,AL,1.0015,140,809,7.59,0
JACKSON PARK HOSPITAL,IL,1.041,25,69,2.75,0
JACKSON PURCHASE MEDICAL CENTER,KY,1.0243,78,417,6.92,0
JACKSON-MADISON COUNTY GENERAL HOSPITAL,TN,0.9799,585,3526,-92.2,1
JACOBI MEDICAL CENTER,NY,1.0395,80,374,14.67,0
JAMAICA HOSPITAL MEDICAL CENTER,NY,1.058,116,487,37.27,1
JAVON BEA HOSPITAL,IL,0.9657,105,651,-29.05,0
JEFFERSON ABINGTON HOSPITAL,PA,1.0555,522,2747,290.43,3
JEFFERSON EINSTEIN MONTGOMERY HOSPITAL,PA,1.0242,227,1171,44.01,2
JEFFERSON EINSTEIN PHILADELPHIA HOSPITAL,PA,1.0247,133,589,16.72,1
JEFFERSON HEALTH- NORTHEAST,PA,1.1096,436,2126,292.11,6
JEFFERSON HOSPITAL,PA,1.0386,145,825,3.73,1
JEFFERSON LANSDALE HOSPITAL,PA,1.0412,149,809,34.27,2
JEFFERSON REGIONAL MEDICAL CENTER,AR,0.9987,140,812,1.03,1
JEFFERSON STRATFORD HOSPITAL,NJ,1.1406,558,2503,390.08,4
JENNIE STUART MEDICAL CENTER,KY,0.9933,73,452,5.81,1
JERSEY CITY MEDICAL CENTER,NJ,1.0536,110,518,29.3,1
JERSEY COMMUNITY HOSPITAL,IL,0.9864,29,182,-2.98,0
JERSEY SHORE UNIVERSITY MEDICAL CENTER,NJ,1.0044,744,4380,-3.11,2
JFK UNIVERSITY MEDICAL CENTER,NJ,1.0102,400,2070,27.37,2
JOHN DEMPSEY HOSPITAL OF THE UNIVERSITY OF CONNECT,CT,1.0049,131,802,-2.95,0
JOHN F KENNEDY MEMORIAL HOSPITAL,CA,1.0804,60,258,22.45,1
JOHN H STROGER JR HOSPITAL,IL,1.004,55,276,-8.34,0
JOHN MUIR MEDICAL CENTER - CONCORD CAMPUS,CA,1.0218,284,2018,-0.38,4
JOHN MUIR MEDICAL CENTER - WALNUT CREEK CAMPUS,CA,0.9166,282,2265,-231.4,1
JOHN RANDOLPH MEDICAL CENTER,VA,1.0101,80,457,2.48,0
JOHN T MATHER MEMORIAL HOSPITAL  OF PORT JEFFERSON,NY,0.9396,267,1657,-115.74,0
JOHNS HOPKINS BAYVIEW MEDICAL CENTER,MD,0.9399,221,1268,-96.0,0
"JOHNS HOPKINS HOSPITAL, THE",MD,0.9529,267,1634,-120.27,0
JOHNS HOPKINS HOWARD COUNTY MEDICAL CENTER,MD,1.0068,341,1956,83.32,2
JOHNSON CITY MEDICAL CENTER,TN,1.0354,218,1381,-16.2,2
JOHNSON MEMORIAL HOSPITAL,CT,1.0106,15,75,0.79,0
JOHNSON MEMORIAL HOSPITAL,IN,0.9882,34,240,-2.32,0
JOHNSON REGIONAL MEDICAL CENTER,AR,1.0783,19,103,8.06,0
JOHNSTON HEALTH,NC,1.0239,214,1159,24.32,1
JOHNSTON MEMORIAL HOSPITAL,VA,0.9891,106,680,-17.7,0
JONES MEMORIAL HOSPITAL,NY,0.9957,16,83,-0.36,0
JPS HEALTH NETWORK,TX,0.9775,55,305,-7.17,0
JUPITER MEDICAL CENTER,FL,1.0604,394,2425,185.88,4
KADLEC REGIONAL MEDICAL CENTER,WA,0.9293,311,2166,-154.01,0
KAISER FOUNDATION HOSP SO SACRAMENTO,CA,1.0283,13,53,1.5,0
KAISER FOUNDATION HOSPITAL - ANTIOCH,CA,1.1363,15,33,4.5,0
KAISER FOUNDATION HOSPITAL - OAKLAND/RICHMOND,CA,1.0692,76,308,21.87,1
KALEIDA HEALTH,NY,1.0145,362,2074,71.35,3
KANSAS CITY ORTHOPAEDIC INSTITUTE,KS,0.5524,18,1285,-575.17,0
KANSAS HEART HOSPITAL,KS,0.8666,69,787,-109.22,0
KANSAS MEDICAL CENTER LLC,KS,0.9899,68,564,-5.07,0
"KANSAS SPINE & SPECIALTY HOSPITAL, LLC",KS,0.9199,12,341,-27.31,0
KAWEAH HEALTH MEDICAL CENTER,CA,0.9882,326,2020,-52.78,1
KEARNEY REGIONAL MEDICAL CENTER,NE,0.95,49,352,-16.42,0
KECK HOSPITAL OF USC,CA,1.0141,46,188,2.65,0
KENMORE MERCY HOSPITAL,NY,1.0422,67,339,12.78,1
KENT COUNTY MEMORIAL HOSPITAL,RI,1.0219,275,1513,19.74,2
KERALTY HOSPITAL,FL,1.0764,51,197,16.87,1
KERSHAWHEALTH,SC,0.9571,46,338,-21.73,0
KETTERING HEALTH DAYTON,OH,1.062,187,982,26.41,2
KETTERING HEALTH GREENE MEMORIAL,OH,1.0171,11,50,0.85,0
KETTERING HEALTH MAIN CAMPUS,OH,1.0507,287,1476,57.15,3
KETTERING HEALTH MIAMISBURG,OH,1.0389,120,545,28.94,1
KETTERING HEALTH TROY,OH,0.9816,36,233,-4.6,0
KING'S DAUGHTERS MEDICAL CENTER-BROOKHAVEN,MS,0.954,28,214,-9.83,0
KING'S DAUGHTERS' MEDICAL CENTER,KY,1.0156,439,2324,45.62,1
KINGMAN REGIONAL MEDICAL CENTER,AZ,1.0105,107,626,6.96,0
KINGS COUNTY HOSPITAL CENTER,NY,0.9782,34,212,-7.18,0
KNAPP MEDICAL CENTER,TX,1.0034,39,203,0.88,0
KNOX COMMUNITY HOSPITAL,OH,0.9854,83,514,-5.34,0
KONA COMMUNITY HOSPITAL,HI,1.007,24,165,1.03,0
KOOTENAI HEALTH,ID,0.8807,163,1460,-192.19,0
KOSCIUSKO COMMUNITY HOSPITAL,IN,1.0119,66,374,4.07,0
KUAKINI MEDICAL CENTER,HI,0.9669,44,309,-13.7,0
L A DOWNTOWN MEDICAL CENTER,CA,1.0368,55,254,11.05,1
LA PALMA INTERCOMMUNITY HOSPITAL,CA,1.0501,48,216,10.04,0
LAC/HARBOR-UCLA MED CENTER,CA,1.0259,46,220,5.67,0
LAC/OLIVE VIEW-UCLA MEDICAL CENTER,CA,0.9846,35,193,-3.03,0
LAFOLLETTE MEDICAL CENTER,TN,0.9528,15,116,-5.48,0
LAGUNA HONDA HOSPITAL & REHABILITATION CENTER,CA,1.0729,13,52,3.79,0
"LAHEY HOSPITAL & MEDICAL CENTER, BURLINGTON",MA,1.0293,524,3388,-18.03,3
LAKE CHARLES MEMORIAL HOSPITAL,LA,0.9716,152,957,-18.75,0
LAKE CUMBERLAND REGIONAL HOSPITAL,KY,1.0363,160,889,22.72,2
LAKE GRANBURY MEDICAL CENTER,TX,0.9984,55,337,-5.11,0
LAKE HEALTH,OH,1.0234,257,1460,61.18,1
LAKE HURON MEDICAL CENTER,MI,1.0066,58,284,-0.23,0
LAKE REGION HEALTHCARE CORPORATION,MN,0.963,14,116,-4.29,0
LAKE REGIONAL HEALTH SYSTEM,MO,0.981,127,794,-16.24,0
LAKELAND COMMUNITY HOSPITAL,AL,0.975,34,284,-7.94,0
"LAKELAND HOSPITAL, ST JOSEPH",MI,0.9615,178,1154,-36.94,1
LAKELAND REGIONAL MEDICAL CENTER,FL,1.0746,549,2775,282.13,3
LAKES REGIONAL HEALTHCARE,IA,1.056,40,217,11.87,0
LAKEVIEW HOSPITAL,UT,1.0602,15,68,4.09,0
LAKEVIEW MEMORIAL HOSPITAL,MN,0.9876,35,249,-3.87,0
LAKEWOOD RANCH MEDICAL CENTER,FL,0.9499,133,895,-43.37,0
LANCASTER GENERAL HOSPITAL,PA,0.9656,428,3028,-239.37,2
LANDMARK MEDICAL CENTER,RI,1.0805,118,509,41.23,2
LANE REGIONAL MEDICAL CENTER,LA,1.0206,34,186,3.97,0
LAREDO MEDICAL CENTER,TX,0.999,129,701,-14.88,0
LARKIN COMMUNITY HOSPITAL,FL,1.0164,26,108,1.77,0
LARKIN COMMUNITY HOSPITAL PALM SPRINGS CAMPUS,FL,0.9812,39,233,-5.4,0
LAS PALMAS MEDICAL CENTER A CAMPUS OF LPDS HEALTHC,TX,1.0687,140,700,54.8,2
LASALLE GENERAL HOSPITAL,LA,1.0186,11,60,1.12,0
LAWRENCE & MEMORIAL HOSPITAL,CT,0.962,199,1219,-60.52,0
LAWRENCE GENERAL HOSPITAL,MA,1.0214,222,1243,10.01,2
LDS HOSPITAL,UT,0.9368,12,120,-7.58,0
LECONTE MEDICAL CENTER,TN,0.98,36,245,-4.8,0
LEE MEMORIAL HOSPITAL,FL,0.9549,590,4063,-178.08,0
LEE'S SUMMIT MEDICAL CENTER,MO,1.0304,61,313,10.34,1
LEGACY EMANUEL MEDICAL CENTER,OR,0.9972,43,245,0.4,0
LEGACY GOOD SAMARITAN MEDICAL CENTER,OR,1.0156,56,287,4.13,0
LEGACY MERIDIAN PARK MEDICAL CENTER,OR,0.9678,51,355,-10.19,0
LEGACY MOUNT HOOD MEDICAL CENTER,OR,0.9823,46,283,-4.74,0
LEGACY SALMON CREEK MEDICAL CENTER,WA,0.9962,128,750,2.07,1
LEHIGH VALLEY HOSPITAL,PA,1.0906,1038,5973,538.39,5
LEHIGH VALLEY HOSPITAL - HAZLETON,PA,0.9387,93,664,-50.43,0
LEHIGH VALLEY HOSPITAL - POCONO,PA,1.0274,145,854,6.63,1
LENOX HILL HOSPITAL,NY,0.9676,198,1337,-55.61,0
LEWISGALE HOSPITAL ALLEGHANY,VA,0.9378,32,243,-15.19,0
LEWISGALE HOSPITAL MONTGOMERY,VA,1.0046,116,691,-2.67,1
LEWISGALE HOSPITAL PULASKI,VA,0.9942,32,192,-1.16,0
LEWISGALE MEDICAL CENTER,VA,1.0782,306,1689,130.85,3
LEXINGTON MEDICAL CENTER,SC,1.0554,540,3236,72.86,4
LEXINGTON MEMORIAL HOSPITAL INC,NC,1.0269,61,290,5.32,0
LIBERTY HOSPITAL,MO,1.0201,160,995,11.63,2
LICKING MEMORIAL HOSPITAL,OH,1.0287,140,776,32.74,2
LIMA MEMORIAL HEALTH SYSTEM,OH,1.0503,165,880,34.6,2
LINCOLN MEDICAL & MENTAL HEALTH CENTER,NY,0.9848,14,65,-0.99,0
LIVINGSTON REGIONAL HOSPITAL,TN,1.051,45,225,13.93,1
LMH,KS,0.9951,115,791,-15.16,0
LOGAN HEALTH MEDICAL CENTER,MT,0.8956,89,814,-82.34,0
LOGAN REGIONAL HOSPITAL,UT,0.8582,13,157,-22.26,0
LOGAN REGIONAL MEDICAL CENTER,WV,0.9949,87,434,-2.16,0
LOMA LINDA UNIVERSITY MEDICAL CENTER,CA,0.9728,149,888,-16.08,0
LOMA LINDA UNIVERSITY MEDICAL CENTER-MURRIETA,CA,1.0347,153,803,38.49,1
LOMPOC VALLEY MEDICAL CENTER,CA,1.0621,43,203,13.38,1
LONE PEAK HOSPITAL,UT,1.0559,12,45,2.52,0
LONESOME PINE HOSPITAL,VA,1.0234,50,256,9.3,1
LONG ISLAND COMMUNITY HOSPITAL,NY,0.9925,290,1425,4.61,1
LONG ISLAND JEWISH MEDICAL CENTER,NY,1.0239,560,3189,134.76,3
LONGMONT UNITED HOSPITAL,CO,1.0058,30,180,1.04,0
LONGS PEAK HOSPITAL,CO,0.9203,30,271,-21.51,0
LONGVIEW REGIONAL MEDICAL CENTER,TX,1.0342,186,1083,25.9,2
LOS ALAMOS MEDICAL CENTER,NM,1.0179,11,84,1.5,0
LOS ANGELES COMMUNITY HOSPITAL,CA,0.962,116,646,-9.31,1
LOS ANGELES GENERAL MEDICAL CENTER,CA,1.0251,87,421,9.11,0
LOS ROBLES HOSPITAL & MEDICAL CENTER,CA,1.027,396,2682,15.05,2
LOUIS A WEISS MEMORIAL HOSPITAL,IL,1.1399,90,422,60.25,2
LOVELACE MEDICAL CENTER,NM,0.9808,171,1249,-61.2,2
LOWELL GENERAL HOSPITAL,MA,1.0978,467,2312,205.2,4
LOWER BUCKS HOSPITAL,PA,1.0533,18,70,3.73,0
LOWER KEYS MEDICAL CENTER,FL,0.9778,50,329,-6.3,0
LOYOLA GOTTLIEB MEMORIAL HOSPITAL,IL,1.0573,153,735,41.0,2
LOYOLA UNIVERSITY MEDICAL CENTER,IL,1.0501,227,1154,26.52,1
LUBBOCK HEART HOSPITAL LP,TX,1.0321,50,359,7.35,1
"LUMINIS HEALTH ANNE ARUNDEL MEDICAL CENTER, INC",MD,1.0329,693,4210,0.41,4
"LUMINIS HEALTH DOCTORS COMMUNITY MEDICAL CTR, INC",MD,0.9687,200,1154,-52.72,0
LUTHERAN HOSPITAL OF INDIANA,IN,0.9767,227,1319,-25.68,0
LUTHERAN MEDICAL CENTER,CO,0.8929,51,455,-51.17,0
M HEALTH FAIRVIEW RIDGES HOSPITAL,MN,0.9623,123,882,-56.65,0
M HEALTH FAIRVIEW SOUTHDALE HOSPITAL,MN,0.9201,178,1285,-110.68,0
M HEALTH FAIRVIEW ST JOHN'S HOSPITAL,MN,0.9763,122,715,-8.62,1
M HEALTH FAIRVIEW UNIVERSITY OF MN MEDICAL CENTER,MN,0.9484,76,419,-22.3,0
M HEALTH FAIRVIEW WOODWINDS HOSPITAL,MN,1.0166,60,342,4.94,0
MACNEAL  HOSPITAL,IL,1.0626,147,689,39.2,2
MADISON HEALTH,OH,1.0497,11,40,1.99,0
MAGEE GENERAL HOSPITAL,MS,1.0106,11,79,0.84,0
MAGNOLIA REGIONAL HEALTH CENTER,MS,1.0491,219,1415,61.17,2
MAIMONIDES MEDICAL CENTER,NY,1.1284,638,2776,463.73,4
MAIN LINE HOSPITAL LANKENAU,PA,1.0005,377,2315,-48.43,1
MAINE GENERAL MEDICAL CENTER,ME,0.9075,69,595,-61.34,0
MAINEHEALTH MAINE MEDICAL CENTER,ME,0.9425,309,2299,-160.77,0
MAINEHEALTH MID COAST HOSPITAL,ME,0.9644,63,472,-16.19,0
MAINEHEALTH PEN BAY HOSPITAL,ME,1.0303,46,259,7.94,0
MAJOR HOSPITAL,IN,1.0154,67,337,3.38,0
MANATEE MEMORIAL HOSPITAL,FL,1.0201,206,1217,-7.54,1
MANCHESTER MEMORIAL HOSPITAL,CT,0.9814,74,479,-14.22,0
MAPLE GROVE HOSPITAL,MN,0.9558,37,301,-13.33,0
MARIA PARHAM MEDICAL CENTER,NC,1.0554,68,307,12.96,0
MARIAN REGIONAL MEDICAL CENTER,CA,0.997,257,1846,-21.23,2
MARIETTA MEMORIAL HOSPITAL,OH,1.0182,227,1157,28.67,2
MARINHEALTH MEDICAL CENTER,CA,0.9502,175,1272,-71.46,0
MARION COMMUNTIY HOSPITAL,FL,1.0749,670,3848,387.36,3
MARION GENERAL HOSPITAL,IN,1.0064,90,535,-4.09,0
MARION GENERAL HOSPITAL,MS,1.0012,12,79,0.09,0
MARION GENERAL HOSPITAL,OH,0.9981,182,1013,16.15,1
MARSHALL MEDICAL CENTER,CA,0.9497,110,763,-36.56,0
MARSHALL MEDICAL CENTERS,AL,0.9374,82,588,-44.87,0
MARSHFIELD MEDICAL CENTER,WI,1.0673,149,756,57.42,2
MARSHFIELD MEDICAL CENTER - EAU CLAIRE,WI,0.9932,32,191,-1.41,0
MARSHFIELD MEDICAL CENTER - MINOCQUA,WI,0.9751,17,105,-2.61,0
MARSHFIELD MEDICAL CENTER - RICE LAKE,WI,1.0641,48,223,14.13,0
MARSHFIELD MEDICAL CENTER - WESTON,WI,1.0193,82,506,8.52,0
"MARTIN LUTHER KING, JR. COMMUNITY HOSPITAL",CA,1.0189,45,217,3.1,0
MARY GREELEY MEDICAL CENTER,IA,0.9574,171,1229,-29.06,0
MARY HITCHCOCK MEMORIAL HOSPITAL,NH,0.9322,250,1915,-153.03,0
MARY IMMACULATE HOSPITAL,VA,1.0734,65,436,25.06,2
MARY LANNING HEALTHCARE,NE,0.9742,22,135,-3.48,0
MARY WASHINGTON HOSPITAL,VA,1.1178,637,3066,454.92,4
MARYMOUNT HOSPITAL,OH,1.025,155,800,19.65,1
MASSACHUSETTS GENERAL HOSPITAL,MA,0.9194,709,4269,-337.12,0
MAT-SU REGIONAL MEDICAL CENTER,AK,0.9595,127,848,-36.43,1
MATAGORDA REGIONAL MEDICAL CENTER,TX,0.9482,28,186,-9.78,0
MAUI MEMORIAL MEDICAL CENTER,HI,0.9675,55,440,-19.19,0
MAURY REGIONAL HOSPITAL,TN,1.048,256,1516,42.7,2
MAYO CLINIC,FL,1.014,430,2310,-19.12,2
MAYO CLINIC HEALTH SYSTEM - ALBERT LEA AND AUSTIN,MN,0.9318,73,503,-35.61,0
MAYO CLINIC HEALTH SYSTEM - FAIRMONT,MN,0.942,24,201,-11.69,0
MAYO CLINIC HEALTH SYSTEM - MANKATO,MN,0.8797,98,808,-101.72,0
MAYO CLINIC HEALTH SYSTEM EAU CLAIRE HOSPITAL,WI,0.9426,189,1336,-98.89,0
MAYO CLINIC HEALTH SYSTEM IN RED WING,MN,1.0007,11,59,0.04,0
MAYO CLINIC HEALTH SYSTEM-FRANCISCAN MEDICAL CENTER INC,WI,0.9112,76,607,-71.58,0
MAYO CLINIC HOSPITAL,AZ,1.0025,421,2717,-136.62,1
MAYO CLINIC HOSPITAL ROCHESTER,MN,0.8926,557,4003,-512.27,0
MC DONOUGH DISTRICT HOSPITAL,IL,1.1684,38,145,24.42,1
MCALESTER REGIONAL HEALTH CENTER,OK,0.988,62,391,-12.27,0
MCBRIDE ORTHOPEDIC HOSPITAL,OK,0.6014,24,1199,-477.92,0
MCCULLOUGH-HYDE MEMORIAL HOSPITAL,OH,1.054,35,160,8.88,0
MCKAY-DEE HOSPITAL,UT,0.8807,81,819,-105.64,0
MCKENZIE-WILLAMETTE MEDICAL CENTER,OR,0.9773,35,249,-6.94,0
MCLAREN BAY REGION,MI,1.1384,318,1621,164.83,5
MCLAREN CENTRAL MICHIGAN,MI,1.0503,37,169,8.74,0
MCLAREN FLINT,MI,1.0624,273,1477,58.75,4
MCLAREN GREATER LANSING,MI,1.0342,95,486,17.86,1
MCLAREN LAPEER REGION,MI,1.0032,96,527,-0.68,0
MCLAREN MACOMB,MI,1.0254,215,1082,29.56,2
MCLAREN NORTHERN MICHIGAN,MI,0.9491,151,1040,-51.61,0
MCLAREN OAKLAND,MI,0.9966,29,149,-0.38,0
MCLAREN PORT HURON,MI,1.0046,219,1196,-12.69,2
MCLEOD HEALTH CHERAW,SC,1.0977,62,250,31.21,1
MCLEOD HEALTH CLARENDON,SC,1.0067,29,176,1.46,0
MCLEOD LORIS  HOSPITAL,SC,1.0093,256,1386,28.43,1
MCLEOD MEDICAL CENTER - DILLON,SC,1.0697,45,197,13.14,0
MCLEOD REGIONAL MEDICAL CENTER-PEE DEE,SC,1.1133,501,2547,214.01,4
MEADOWVIEW REGIONAL MEDICAL CENTER,KY,0.9468,30,214,-11.59,0
MEADVILLE MEDICAL CENTER,PA,0.9784,68,415,-8.51,0
MEASE COUNTRYSIDE HOSPITAL,FL,0.963,323,1860,-43.78,1
MEASE DUNEDIN HOSPITAL,FL,1.0221,75,401,5.23,0
MEDICAL CENTER ENTERPRISE,AL,0.9904,45,309,-3.95,0
MEDICAL CENTER HOSPITAL,TX,0.9359,134,924,-62.27,0
MEDICAL CENTER OF MCKINNEY,TX,1.06,196,1243,97.75,3
MEDICAL CENTER OF THE ROCKIES,CO,0.9322,119,949,-69.83,0
MEDICAL CITY ALLIANCE,TX,0.9974,46,272,-0.85,0
MEDICAL CITY ARLINGTON,TX,1.0792,153,749,58.87,3
MEDICAL CITY DALLAS HOSPITAL,TX,1.0239,193,1081,14.28,0
MEDICAL CITY DECATUR,TX,1.0573,131,677,17.99,2
MEDICAL CITY DENTON,TX,1.0401,191,993,64.56,2
MEDICAL CITY FORT WORTH,TX,1.066,174,846,52.56,3
MEDICAL CITY LAS COLINAS,TX,1.0252,35,195,6.11,0
MEDICAL CITY LEWISVILLE,TX,1.0153,88,475,7.24,1
MEDICAL CITY NORTH HILLS,TX,1.0391,118,587,27.45,2
MEDICAL CITY PLANO,TX,1.0014,228,1575,-2.24,1
MEDICAL CITY WEATHERFORD,TX,1.0546,174,870,42.46,2
MEDICAL COLLEGE OF VIRGINIA HOSPITALS,VA,1.0014,219,1211,-15.21,1
"MEDICAL WEST, AN AFFILIATE OF UAB HEALTH SYSTEM",AL,0.9828,42,261,-5.23,0
MEDINA HOSPITAL,OH,0.9907,195,1100,-9.15,0
MEDSTAR FRANKLIN SQUARE MEDICAL CENTER,MD,0.9754,441,2450,-119.24,1
MEDSTAR GEORGETOWN UNIVERSITY HOSPITAL,DC,0.9512,63,389,-19.29,0
MEDSTAR GOOD SAMARITAN HOSPITAL,MD,0.9963,204,977,-3.99,1
MEDSTAR HARBOR HOSPITAL,MD,0.953,116,684,-30.21,0
MEDSTAR MONTGOMERY MEDICAL CENTER,MD,0.9636,142,919,-45.56,0
MEDSTAR SAINT MARY'S HOSPITAL,MD,0.9353,162,1037,-62.07,1
MEDSTAR SOUTHERN MARYLAND HOSPITAL CENTER,MD,0.9576,227,1386,-85.64,0
MEDSTAR UNION MEMORIAL HOSPITAL,MD,0.9173,238,1485,-133.25,0
MEDSTAR WASHINGTON HOSPITAL CENTER,DC,0.9714,475,2883,-129.28,1
MELROSEWAKEFIELD HEALTHCARE,MA,1.0944,319,1558,150.39,3
MEMORIAL HEALTH MEADOWS HOSPITAL,GA,1.0049,51,309,2.08,0
MEMORIAL HEALTHCARE,MI,1.0112,65,366,7.97,1
"MEMORIAL HEALTHCARE SYSTEM, INC",TN,0.9716,354,2440,-148.32,1
MEMORIAL HERMANN - TEXAS MEDICAL CENTER,TX,0.9742,205,1191,-40.39,1
MEMORIAL HERMANN HOSPITAL SYSTEM,TX,1.0345,728,3922,108.04,4
MEMORIAL HERMANN KATY HOSPITAL,TX,0.9623,160,1007,-59.99,0
MEMORIAL HERMANN MEMORIAL CITY HOSPITAL,TX,0.934,149,1119,-93.49,0
MEMORIAL HERMANN NORTHEAST HOSPITAL,TX,0.997,193,982,14.37,1
MEMORIAL HERMANN SUGAR LAND HOSPITAL,TX,1.0441,132,615,27.12,2
MEMORIAL HOSPITAL,IL,1.0046,321,1709,-3.84,0
MEMORIAL HOSPITAL,OH,0.9799,54,344,-7.95,0
MEMORIAL HOSPITAL AND HEALTH CARE CENTER,IN,0.973,117,887,-32.35,0
MEMORIAL HOSPITAL AND MANOR,GA,1.0408,14,78,3.18,0
MEMORIAL HOSPITAL AT GULFPORT,MS,1.0233,378,1931,66.72,1
MEMORIAL HOSPITAL LOS BANOS,CA,1.0158,24,135,2.24,0
MEMORIAL HOSPITAL MIRAMAR,FL,0.9978,41,231,-0.47,0
MEMORIAL HOSPITAL OF CARBONDALE,IL,1.027,187,985,30.4,2
MEMORIAL HOSPITAL OF GARDENA,CA,1.0817,105,367,32.93,2
MEMORIAL HOSPITAL OF SOUTH BEND,IN,0.9812,183,1184,-21.73,1
MEMORIAL HOSPITAL PEMBROKE,FL,1.0113,47,254,2.04,0
MEMORIAL HOSPITAL WEST,FL,1.0806,218,1018,82.88,3
MEMORIAL MEDICAL CENTER,CA,1.0248,302,1795,68.97,2
MEMORIAL MEDICAL CENTER,IL,0.9928,352,2160,-5.64,2
MEMORIAL MEDICAL CENTER,NM,1.0271,86,518,15.1,1
MEMORIAL MISSION HOSPITAL AND ASHEVILLE SURGERY CE,NC,0.9002,512,4070,-472.27,0
MEMORIAL REGIONAL HOSPITAL,FL,1.0629,220,1127,54.31,2
MEMORIALCARE LONG BEACH MEDICAL CENTER,CA,0.9873,120,678,-25.25,0
MEMORIALCARE ORANGE COAST MEDICAL CENTER,CA,0.9974,132,779,1.5,0
MEMORIALCARE SADDLEBACK MEDICAL CENTER,CA,0.9668,137,920,-40.37,0
MENIFEE GLOBAL MEDICAL CENTER,CA,1.0556,11,47,2.61,0
MENORAH MEDICAL CENTER,KS,1.0807,126,1060,129.73,1
MERCER COUNTY JOINT TOWNSHIP COMMUNITY HOSPITAL,OH,0.975,55,382,-9.6,0
MERCY CATHOLIC MEDICAL CENTER- MERCY FITZGERALD,PA,1.07,98,391,30.14,1
MERCY GENERAL HOSPITAL,CA,1.0228,218,1240,44.72,2
MERCY GILBERT MEDICAL CENTER,AZ,1.0284,235,1259,36.48,2
MERCY HEALTH - CLERMONT HOSPITAL,OH,0.9949,115,643,4.27,1
MERCY HEALTH - DEFIANCE HOSPITAL,OH,0.983,55,311,-6.05,0
MERCY HEALTH - FAIRFIELD HOSPITAL,OH,1.0115,192,1053,21.41,2
MERCY HEALTH - LOURDES HOSPITAL,KY,1.0566,228,1510,51.4,2
MERCY HEALTH - TIFFIN HOSPITAL,OH,1.028,69,379,11.48,1
MERCY HEALTH - WEST HOSPITAL,OH,1.0607,208,1088,53.48,3
MERCY HEALTH SAINT MARY'S,MI,1.0124,104,559,-2.65,0
MERCY HEALTH SYSTEM CORP,WI,1.0066,98,577,7.59,2
MERCY HEALTH-ANDERSON HOSPITAL,OH,1.0239,191,1141,-19.85,1
MERCY HEALTH-ST RITA'S MEDICAL CENTER,OH,0.9586,289,1634,-60.8,0
MERCY HOSPITAL,CA,0.9929,92,561,0.48,0
MERCY HOSPITAL,MN,0.9712,291,2055,-89.93,2
MERCY HOSPITAL ADA,OK,1.0512,109,539,36.53,2
"MERCY HOSPITAL ARDMORE, INC",OK,1.0311,173,875,31.0,2
MERCY HOSPITAL FORT SMITH,AR,1.0188,278,1612,13.55,2
MERCY HOSPITAL JEFFERSON,MO,1.0286,172,902,16.21,2
MERCY HOSPITAL JOPLIN,MO,1.0084,190,1104,18.88,1
MERCY HOSPITAL NORTHWEST ARKANSAS,AR,0.9812,191,1210,-4.73,1
MERCY HOSPITAL OF BUFFALO,NY,1.0532,178,932,57.85,2
MERCY HOSPITAL OF FOLSOM,CA,1.0223,136,775,19.49,1
"MERCY HOSPITAL OKLAHOMA CITY, INC",OK,0.9041,171,1298,-164.25,0
"MERCY HOSPITAL PITTSBURG, INC",KS,0.9702,31,213,-7.53,0
MERCY HOSPITAL SOUTH,MO,1.0955,369,1897,134.14,3
MERCY HOSPITAL SOUTHEAST,MO,1.0322,150,874,41.73,2
MERCY HOSPITAL SPRINGFIELD,MO,1.0121,335,2055,-35.34,3
MERCY HOSPITAL ST LOUIS,MO,1.1158,417,2278,204.04,4
MERCY HOSPITAL WASHINGTON,MO,0.9588,75,493,-20.38,0
MERCY MEDICAL CENTER,CA,1.044,257,1339,66.79,2
MERCY MEDICAL CENTER,NY,0.9694,107,647,-21.86,0
MERCY MEDICAL CENTER,OH,1.0048,167,963,13.11,1
MERCY MEDICAL CENTER,OR,0.877,56,573,-80.6,0
MERCY MEDICAL CENTER - CEDAR RAPIDS,IA,0.9684,194,1331,-54.66,0
MERCY MEDICAL CENTER INC,MD,1.0593,73,286,22.11,1
MERCY MEDICAL CENTER REDDING,CA,1.0191,278,1726,-37.37,1
MERCY MEDICAL CTR,MA,1.0796,172,823,53.3,3
MERCY REGIONAL MEDICAL CENTER,CO,0.9232,48,388,-31.52,0
MERCY REGIONAL MEDICAL CENTER,LA,0.9534,30,237,-11.04,0
MERCY REGIONAL MEDICAL CENTER,OH,1.0422,133,669,21.76,2
MERCY SAN JUAN MEDICAL CENTER,CA,1.0321,249,1328,40.47,2
MERCY ST VINCENT MEDICAL CENTER,OH,1.0879,420,2140,150.52,4
MERCYONE CLINTON MEDICAL CENTER,IA,0.9772,100,586,-20.7,0
MERCYONE DES MOINES MEDICAL CENTER,IA,0.9183,285,2343,-240.57,1
MERCYONE DUBUQUE MEDICAL CENTER,IA,0.9899,60,391,-2.94,1
MERCYONE NORTH IOWA MEDICAL CENTER,IA,1.0196,245,1574,-2.67,2
MERCYONE SIOUXLAND MEDICAL CENTER,IA,1.0143,125,659,15.79,1
MERCYONE WATERLOO MEDICAL CENTER,IA,0.9067,38,319,-29.78,0
MERIT HEALTH CENTRAL,MS,1.0341,11,57,1.94,0
MERIT HEALTH MADISON,MS,1.0576,25,107,5.92,0
MERIT HEALTH NATCHEZ,MS,1.0304,47,245,8.01,0
MERIT HEALTH RIVER OAKS,MS,1.0458,51,307,11.26,1
MERIT HEALTH RIVER REGION,MS,1.0265,105,612,16.12,1
MERIT HEALTH WESLEY,MS,1.013,84,459,7.35,1
MERITUS MEDICAL CENTER,MD,1.06,474,2443,201.88,2
METHODIST CHARLTON MEDICAL CENTER,TX,0.999,138,750,10.34,1
METHODIST DALLAS MEDICAL CENTER,TX,0.991,56,305,-4.88,0
METHODIST FREMONT HEALTH,NE,1.0176,71,377,1.62,0
METHODIST HEALTHCARE - OLIVE BRANCH HOSPITAL,MS,0.9927,80,470,-3.53,0
METHODIST HOSPITAL,TX,1.0094,976,6202,90.09,4
METHODIST HOSPITAL  STONE OAK,TX,0.9735,189,1253,-16.63,1
METHODIST HOSPITAL ATASCOSA,TX,1.0219,11,49,1.07,0
METHODIST HOSPITAL OF SACRAMENTO,CA,1.032,111,560,18.93,1
METHODIST HOSPITALS INC,IN,1.0854,210,943,79.0,3
METHODIST HOSPITALS OF MEMPHIS,TN,0.9755,481,3448,-141.7,0
METHODIST JENNIE EDMUNDSON,IA,0.9809,103,612,-12.81,0
METHODIST MANSFIELD MEDICAL CENTER,TX,0.9966,131,774,-10.45,0
METHODIST MCKINNEY HOSPITAL,TX,1.2551,16,276,70.41,1
METHODIST MEDICAL CENTER OF OAK RIDGE,TN,1.0163,164,889,19.51,1
METHODIST RICHARDSON MEDICAL CENTER,TX,0.9772,132,867,-21.46,0
METROHEALTH SYSTEM,OH,1.0337,142,706,38.41,2
METROWEST MEDICAL CENTER,MA,1.0723,194,929,92.98,2
MH ST JOSEPH WARREN HOSPITAL,OH,0.9892,115,634,-5.68,0
MIAMI VALLEY HOSPITAL,OH,1.0467,433,2395,121.38,3
MID-COLUMBIA MEDICAL CENTER,OR,0.9581,13,93,-3.9,0
MIDDLESBORO ARH HOSPITAL,KY,1.0517,16,77,3.98,0
MIDDLESEX HOSPITAL,CT,1.032,214,1257,78.85,1
MIDLAND MEMORIAL HOSPITAL,TX,1.0213,122,726,3.09,0
MIDSTATE MEDICAL CENTER,CT,1.0858,177,1021,38.09,2
MIDWEST ORTHOPEDIC SPECIALTY HOSPITAL,WI,1.2628,17,245,64.39,1
MILFORD REGIONAL MEDICAL CENTER,MA,1.1833,427,1940,364.35,3
MILTON S HERSHEY MEDICAL CENTER,PA,0.9965,204,1128,10.17,1
MINDEN MEDICAL CENTER,LA,1.0063,39,230,4.71,1
MISSION COMMUNITY HOSPITAL,CA,1.0278,83,374,11.77,1
MISSION REGIONAL MEDICAL CENTER,TX,1.0477,85,392,19.54,1
MISSISSIPPI BAPTIST MEDICAL CENTER,MS,1.035,368,2050,76.8,2
MISSOURI BAPTIST MEDICAL CENTER,MO,1.0148,364,2191,-60.15,3
MISSOURI DELTA MEDICAL CENTER,MO,0.9924,67,382,-2.1,0
MIZELL MEMORIAL HOSPITAL,AL,1.0482,28,123,5.32,0
MOBERLY REGIONAL MEDICAL CENTER,MO,1.0421,19,108,4.55,0
MOBILE INFIRMARY MEDICAL CENTER,AL,1.0375,203,1056,27.49,2
MON HEALTH MEDICAL CENTER,WV,1.0123,127,748,15.22,1
MONMOUTH MEDICAL CENTER,NJ,1.0268,107,596,13.99,1
MONMOUTH MEDICAL CENTER-SOUTHERN CAMPUS,NJ,1.1016,186,808,107.0,2
MONROE COUNTY MEDICAL CENTER,KY,1.1027,65,266,32.02,1
MONROE HOSPITAL,IN,0.9802,27,206,-3.96,0
MONTCLAIR HOSPITAL MEDICAL CENTER,CA,1.2016,42,124,25.0,1
MONTEFIORE MEDICAL CENTER,NY,1.0363,489,2806,-16.74,2
MONTEFIORE NEW ROCHELLE HOSPITAL,NY,1.0318,106,714,13.46,2
MONTEFIORE ST LUKE'S CORNWALL,NY,1.0394,203,1063,53.4,2
MONTEREY PARK HOSPITAL,CA,1.0538,17,87,4.68,0
MONUMENT HEALTH RAPID CITY HOSPITAL,SD,0.9789,231,1804,-123.41,1
MORRIS HOSPITAL & HEALTHCARE CENTERS,IL,1.0223,128,661,24.59,1
MORRISTOWN HAMBLEN HOSPITAL ASSOCIATION,TN,1.0867,117,505,46.72,2
MORRISTOWN MEDICAL CENTER,NJ,0.854,665,5202,-801.57,0
MORTON PLANT HOSPITAL,FL,0.9934,421,2355,78.49,2
MORTON PLANT NORTH BAY HOSPITAL,FL,1.0309,157,817,13.65,1
MOSAIC LIFE CARE AT ST JOSEPH,MO,0.9708,427,2623,-91.43,1
"MOSES H. CONE MEMORIAL HOSPITAL, THE",NC,0.9689,355,2468,-159.57,2
MOUNT AUBURN HOSPITAL,MA,0.9907,209,1316,18.89,1
MOUNT CARMEL EAST & WEST,OH,1.0301,285,1591,42.09,1
MOUNT CARMEL ST ANN'S,OH,0.9765,120,788,-36.42,0
MOUNT NITTANY MEDICAL CENTER,PA,1.0146,155,895,6.26,0
MOUNT PLEASANT HOSPITAL,SC,1.0322,65,378,11.17,1
MOUNT SINAI BETH ISRAEL,NY,1.0604,287,1376,101.37,2
MOUNT SINAI HOSPITAL,NY,1.0035,356,1978,-25.29,0
"MOUNT SINAI MEDICAL CENTER OF FLORIDA, INC",FL,0.9884,188,1097,-1.37,0
MOUNT SINAI SOUTH NASSAU,NY,1.0359,457,2377,206.33,1
MOUNT SINAI WEST,NY,1.0787,256,1621,140.34,3
MOUNT ST. MARY'S HOSPITAL & HEALTH CENTER,NY,1.0543,60,294,17.66,1
MOUNTAIN VIEW REGIONAL MEDICAL CENTER,NM,1.0529,124,689,34.54,3
MOUNTAINVIEW HOSPITAL,NV,1.0436,426,2291,33.65,3
MT SINAI HOSPITAL MEDICAL CENTER,IL,1.0152,34,140,0.2,0
MULTICARE AUBURN MEDICAL CENTER,WA,1.017,72,373,3.23,0
MULTICARE COVINGTON MEDICAL CENTER,WA,0.9876,31,237,-2.71,0
MULTICARE GOOD SAMARITAN HOSPITAL,WA,1.0025,365,2171,-34.91,1
MULTICARE VALLEY HOSPITAL,WA,0.9482,63,468,-24.01,0
MUNSON HEALTHCARE CADILLAC HOSPITAL,MI,0.966,34,239,-9.54,0
MUNSON HEALTHCARE GRAYLING HOSPITAL,MI,0.9398,18,127,-7.65,0
MUNSON HEALTHCARE OTSEGO MEMORIAL HOSPITAL,MI,1.0724,43,195,12.79,0
MUNSON MEDICAL CENTER,MI,0.9348,262,1849,-138.68,0
MURRAY-CALLOWAY COUNTY HOSPITAL,KY,1.022,80,492,11.45,1
MUSC HEALTH COLUMBIA MEDICAL CENTER DOWNTOWN,SC,0.9702,179,1191,-28.64,0
MUSC HEALTH FLORENCE MEDICAL CENTER,SC,1.017,208,1066,53.73,2
MUSC HEALTH LANCASTER MEDICAL CENTER,SC,0.9961,56,329,-0.27,0
MUSC HEALTH MARION MEDICAL CENTER,SC,1.0166,25,135,2.2,0
MUSC MEDICAL CENTER,SC,1.0358,320,1769,74.19,3
MYMICHIGAN MEDICAL CENTER ALMA,MI,1.0211,78,386,8.1,0
MYMICHIGAN MEDICAL CENTER ALPENA,MI,0.9625,63,413,-15.57,0
MYMICHIGAN MEDICAL CENTER CLARE,MI,1.0324,31,147,4.38,0
MYMICHIGAN MEDICAL CENTER MIDLAND,MI,0.9746,214,1364,-32.06,0
MYMICHIGAN MEDICAL CENTER WEST BRANCH,MI,1.0092,50,305,2.61,0
Memorial Hospital Biloxi,MS,1.0827,36,144,11.93,0
Memorial Satilla Health,GA,1.0445,111,591,15.8,0
NACOGDOCHES MEDICAL CENTER,TX,1.0231,95,554,12.18,0
NACOGDOCHES MEMORIAL HOSPITAL,TX,1.0741,54,240,17.72,1
NANTUCKET COTTAGE HOSPITAL,MA,1.0423,24,116,4.74,0
NAPLES COMMUNITY HOSPITAL,FL,1.0238,751,5275,58.09,2
NASHOBA VALLEY MEDICAL CENTER,MA,1.006,53,305,1.96,0
NASSAU UNIVERSITY MEDICAL CENTER,NY,1.0907,82,321,35.66,1
NATCHITOCHES REGIONAL MEDICAL CENTER,LA,1.0294,18,94,2.76,0
NATHAN LITTAUER HOSPITAL,NY,0.9994,24,154,-2.91,0
NATIONAL PARK MEDICAL CENTER,AR,1.0127,105,629,5.79,1
NATIVIDAD MEDICAL CENTER,CA,1.0037,34,210,0.64,0
NAVARRO REGIONAL HOSPITAL,TX,1.0403,56,278,12.92,1
NAVICENT HEALTH BALDWIN,GA,0.9846,14,107,-1.65,0
NAZARETH HOSPITAL,PA,0.9674,108,597,-25.55,0
NESHOBA COUNTY GENERAL HOSPITAL,MS,0.9583,12,120,-5.0,0
NEW ENGLAND BAPTIST HOSPITAL,MA,0.5939,64,2393,-971.8,0
"NEW YORK COMMUNITY HOSPITAL OF BROOKLYN, INC.",NY,1.1778,259,992,185.82,3
NEW YORK-PRESBYTERIAN HOSPITAL,NY,0.905,1192,7865,-786.81,0
NEW YORK-PRESBYTERIAN/QUEENS,NY,0.9386,315,2087,-171.2,0
NEWARK BETH ISRAEL MEDICAL CENTER,NJ,1.0679,92,393,27.61,1
NEWARK-WAYNE COMMUNITY HOSPITAL,NY,1.0921,75,297,32.33,1
NEWBERRY COUNTY MEMORIAL HOSPITAL,SC,1.0059,22,136,-0.39,0
NEWPORT HOSPITAL,RI,0.9613,71,520,-23.21,0
NEWTON MEDICAL CENTER,NJ,0.953,222,1388,-95.89,0
NEWTON-WELLESLEY HOSPITAL,MA,0.9959,363,2559,-33.56,1
NIAGARA FALLS MEMORIAL MEDICAL CENTER,NY,1.0401,12,54,2.17,0
NICHOLAS H NOYES MEMORIAL HOSPITAL,NY,1.003,18,123,0.37,0
NMC HEALTH,KS,1.0078,45,263,2.71,0
NORMAN REGIONAL,OK,1.0289,236,1332,29.11,2
NORTH ALABAMA MEDICAL CENTER,AL,0.9865,259,1599,-29.64,1
NORTH ARKANSAS REGIONAL MEDICAL CENTER,AR,1.0204,30,217,4.43,0
NORTH AUSTIN MEDICAL CENTER,TX,1.035,183,1038,58.69,1
NORTH CAROLINA BAPTIST HOSPITAL,NC,0.9933,249,1538,-28.51,2
NORTH CENTRAL SURGICAL CENTER LLP,TX,0.8489,19,636,-96.1,0
NORTH KANSAS CITY HOSPITAL,MO,0.9844,361,2328,-49.81,2
NORTH MEMORIAL HEALTH HOSPITAL,MN,1.1,194,930,101.5,3
NORTH MISSISSIPPI MEDICAL CENTER,MS,0.9628,403,2564,-41.68,1
NORTH MISSISSIPPI MEDICAL CENTER-GILMORE AMORY,MS,1.051,42,231,9.07,0
NORTH OAKS MEDICAL CENTER,LA,1.0959,227,1050,124.59,3
NORTH OKALOOSA MEDICAL CENTER,FL,1.0014,156,826,-15.44,0
NORTH SHORE MEDICAL CENTER,FL,1.0387,105,460,15.13,1
NORTH SHORE MEDICAL CENTER -,MA,0.9917,510,2932,37.09,1
NORTH SHORE UNIVERSITY HOSPITAL,NY,0.9858,729,4856,-58.46,3
NORTH TEXAS MEDICAL CENTER,TX,0.9493,17,159,-8.06,0
NORTH VISTA HOSPITAL,NV,1.0613,66,254,14.83,0
NORTHBAY MEDICAL CENTER,CA,1.0187,255,1392,32.39,1
NORTHEAST ALABAMA REGIONAL MEDICAL CENTER,AL,1.0858,200,1204,78.69,2
NORTHEAST GEORGIA MEDICAL CENTER HABERSHAM,GA,1.0175,16,105,1.84,0
"NORTHEAST GEORGIA MEDICAL CENTER, INC",GA,0.9695,631,4045,-155.02,1
NORTHEAST HOSPITAL CORPORATION,MA,1.0144,435,2852,28.48,2
NORTHEAST REGIONAL MEDICAL CENTER,MO,0.9752,35,218,-6.9,0
NORTHEASTERN HEALTH SYSTEM,OK,1.0304,82,401,16.17,1
NORTHEASTERN NEVADA REGIONAL HOSPITAL,NV,0.9604,26,189,-7.8,0
NORTHERN DUTCHESS HOSPITAL,NY,0.96,102,711,-35.48,0
NORTHERN LIGHT  A R GOULD HOSPITAL,ME,0.9827,11,66,-1.14,0
NORTHERN LIGHT EASTERN MAINE MEDICAL CENTER,ME,0.8203,164,1483,-335.25,0
NORTHERN LIGHT MAINE COAST HOSPITAL,ME,0.9818,27,172,-2.81,0
NORTHERN LIGHT MERCY HOSPITAL,ME,0.9822,37,257,-4.91,0
NORTHERN LOUISIANA MEDICAL CENTER,LA,0.9948,51,324,-3.29,0
NORTHERN NEVADA MEDICAL CENTER,NV,0.9838,54,356,-4.58,0
NORTHERN REGIONAL HOSPITAL,NC,0.9796,61,433,-10.51,0
NORTHERN WESTCHESTER HOSPITAL,NY,1.0093,140,891,-1.44,1
NORTHRIDGE HOSPITAL MEDICAL CENTER,CA,1.038,240,1144,53.17,1
NORTHSHORE UNIVERSITY HEALTHSYSTEM - EVANSTON HOSPITAL,IL,0.9856,997,6426,79.82,2
NORTHSIDE HOSPITAL,GA,1.0507,168,881,38.95,1
NORTHSIDE HOSPITAL CHEROKEE,GA,0.9794,251,1489,-22.41,1
NORTHSIDE HOSPITAL DULUTH,GA,1.028,72,371,4.66,0
NORTHSIDE HOSPITAL FORSYTH,GA,0.9499,228,1425,-66.52,0
NORTHSIDE HOSPITAL GWINNETT,GA,0.9824,307,1757,10.03,1
NORTHWELL HOSPITAL GLEN COVE,NY,0.8629,42,395,-57.24,0
NORTHWEST COMMUNITY HOSPITAL 1,IL,1.0179,496,3581,-21.77,1
NORTHWEST HEALTH - PORTER,IN,1.0048,306,1669,25.29,1
NORTHWEST HEALTH - STARKE,IN,1.0533,11,31,1.65,0
NORTHWEST HEALTH-LA PORTE,IN,1.0771,143,674,59.8,2
NORTHWEST HOSPITAL CENTER,MD,1.0324,241,1189,44.24,1
NORTHWEST MEDICAL CENTER,AZ,0.9855,174,1294,-44.97,0
NORTHWEST MEDICAL CENTER SAHUARITA,AZ,1.0141,62,416,6.71,0
NORTHWEST MEDICAL CENTER-SPRINGDALE,AR,0.946,125,900,-63.53,0
NORTHWEST TEXAS HOSPITAL,TX,0.9576,109,810,-34.09,0
NORTHWESTERN LAKE FOREST HOSPITAL,IL,0.9808,221,1322,-61.35,1
NORTHWESTERN MEDICAL CENTER INC,VT,0.9725,73,433,-14.12,0
NORTHWESTERN MEDICINE CENTRAL DUPAGE HOSPITAL,IL,0.9832,383,2291,11.35,1
NORTHWESTERN MEDICINE DELNOR COMMUNITY HOSPITAL,IL,0.9882,205,1299,-52.57,0
NORTHWESTERN MEDICINE KISHWAUKEE HOSPITAL,IL,0.9781,138,886,-35.7,0
NORTHWESTERN MEDICINE MCHENRY,IL,1.0434,628,3694,15.56,4
NORTHWESTERN MEMORIAL HOSPITAL,IL,1.0106,519,3003,3.68,3
NORTON CLARK HOSPITAL,IN,0.9695,148,939,-47.17,0
"NORTON HOSPITALS, INC",KY,1.0677,865,4690,251.09,4
NORTON-KING'S DAUGHTERS' HEALTH,IN,0.9931,56,366,-6.87,0
NORWALK HOSPITAL,CT,1.0401,202,1055,40.97,1
NOVANT HEALTH BRUNSWICK MEDICAL CENTER,NC,1.0083,129,768,-3.85,0
NOVANT HEALTH FORSYTH MEDICAL CENTER,NC,0.9028,451,3647,-446.75,0
NOVANT HEALTH HUNTERSVILLE MEDICAL CENTER,NC,0.9929,124,732,-1.82,1
NOVANT HEALTH MATTHEWS MEDICAL CENTER,NC,0.9861,174,1087,-32.24,1
NOVANT HEALTH MINT HILL MEDICAL CENTER,NC,0.9464,31,247,-13.25,0
NOVANT HEALTH NEW HANOVER REGIONAL MEDICAL CENTER,NC,0.9325,542,4295,-367.29,1
NOVANT HEALTH PRESBYTERIAN MEDICAL CENTER,NC,0.9091,169,1670,-232.49,0
NOVANT HEALTH ROWAN MEDICAL CENTER,NC,0.9608,80,554,-22.48,0
NOVANT HEALTH THOMASVILLE MEDICAL CENTER,NC,0.974,25,182,-5.41,0
NOVANT PRINCE WILLIAM MEDICAL CENTER,VA,1.0113,139,837,9.48,1
NOVATO COMMUNITY HOSPITAL,CA,0.9574,30,238,-9.88,0
NS/LIJ HS HUNTINGTON HOSPITAL,NY,0.9734,513,3276,-64.82,1
NS/LIJ HS SOUTHSIDE HOSPITAL,NY,0.9896,341,2308,-59.02,2
NYACK HOSPITAL,NY,1.0805,261,1456,128.84,2
NYU LANGONE HOSPITALS,NY,0.856,1540,11138,-1720.59,0
O U MEDICAL CENTER,OK,1.0057,160,852,7.74,0
OAKBEND MEDICAL CENTER,TX,1.0166,33,148,2.7,0
OAKLAWN HOSPITAL,MI,1.0121,14,83,1.0,0
OCEAN MEDICAL CENTER,NJ,0.9788,492,2785,-92.79,1
OCH REGIONAL MEDICAL CENTER,MS,1.0212,28,178,-1.03,0
OCHSNER AMERICAN LEGION HOSPITAL,LA,1.0391,65,324,13.97,1
OCHSNER LAFAYETTE GENERAL MEDICAL CENTER,LA,0.9988,296,2096,-72.34,2
OCHSNER LSU HEALTH SHREVEPORT,LA,0.9418,15,99,-5.76,0
OCHSNER MEDICAL CENTER - BATON ROUGE,LA,1.0195,66,334,5.79,0
OCHSNER MEDICAL CENTER ACUTE,LA,1.0267,266,1415,30.51,1
OCHSNER MEDICAL CENTER-HANCOCK,MS,1.0695,11,31,2.15,0
OCHSNER MEDICAL CENTER-KENNER,LA,0.9782,31,202,-4.51,0
OCHSNER RUSH HOSPITAL,MS,0.9868,75,485,-4.45,0
OCHSNER ST MARY,LA,1.0195,12,81,1.58,0
OCHSNER UNIVERSITY HOSPITAL AND CLINICS,LA,1.073,35,122,8.92,0
OCONOMOWOC MEMORIAL HOSPITAL,WI,1.0514,70,342,17.83,1
ODESSA REGIONAL MEDICAL CENTER,TX,0.9689,26,163,-5.07,0
OGDEN REGIONAL MEDICAL CENTER,UT,0.9725,36,261,-6.9,0
OHIO STATE UNIVERSITY STATE HEALTH SYSTEM,OH,0.9889,316,1948,-71.6,1
OHIOHEALTH MANSFIELD HOSPITAL,OH,1.0184,247,1375,12.33,1
OHIOHEALTH O'BLENESS HOSPITAL,OH,1.0013,71,381,2.25,0
OHSU HOSPITAL AND CLINICS,OR,0.9965,87,517,-6.49,0
"OKLAHOMA HEART HOSPITAL SOUTH, LLC",OK,0.9066,165,1100,-108.26,0
"OKLAHOMA HEART HOSPITAL, LLC",OK,1.0105,414,2930,10.4,1
OKLAHOMA STATE UNIVERSITY MEDICAL CENTER,OK,1.0364,70,352,11.67,0
"OKLAHOMA SURGICAL HOSPITAL, LLC",OK,0.7393,22,732,-190.83,0
OLEAN GENERAL HOSPITAL,NY,1.0241,138,811,17.01,0
OLYMPIC MEDICAL CENTER,WA,0.9916,95,627,-12.98,0
ONEIDA HEALTH HOSPITAL,NY,1.0642,42,204,11.37,0
ONSLOW MEMORIAL HOSPITAL,NC,1.032,114,639,35.57,1
OPELOUSAS GENERAL HEALTH SYSTEM,LA,1.0269,106,555,14.38,1
ORANGE COUNTY GLOBAL MEDICAL CENTER,CA,0.9998,38,215,1.63,0
ORLANDO HEALTH,FL,1.0074,663,4368,76.62,2
ORLANDO HEALTH BAYFRONT HOSPITAL,FL,1.0242,78,404,4.39,0
ORLANDO HEALTH MELBOURNE HOSPITAL,FL,1.0155,50,431,5.07,0
ORLANDO HEALTH ROCKLEDGE HOSPITAL,FL,0.9945,127,756,-18.57,0
ORLANDO HEALTH SEBASTIAN RIVER HOSPITAL,FL,0.9694,83,531,-17.43,0
ORLANDO HEALTH SOUTH LAKE HOSPITAL,FL,1.0818,258,1600,89.74,2
ORLANDO HEALTH ST CLOUD HOSPITAL,FL,1.0439,82,390,16.87,1
ORLANDO HEALTH-HEALTH CENTRAL HOSPITAL,FL,1.0065,149,848,-5.54,1
ORO VALLEY HOSPITAL,AZ,0.9766,94,664,-15.29,0
OROVILLE HOSPITAL,CA,1.2825,384,1268,486.97,3
ORTHOINDY HOSPITAL,IN,0.6642,13,578,-194.09,0
ORTHOPAEDIC HOSPITAL OF WISCONSIN,WI,0.7566,18,673,-163.81,0
OSF HEART OF MARY MEDICAL CENTER,IL,1.0149,59,364,6.92,0
OSF LITTLE COMPANY OF MARY MEDICAL CENTER,IL,1.0982,268,1158,118.46,4
OSF SACRED HEART MEDICAL CENTER,IL,1.0628,112,522,27.33,2
OSF SAINT ANTHONY'S HEALTH CENTER,IL,0.9824,43,284,-6.79,0
OSF SAINT ELIZABETH MDL CTR,IL,0.967,77,491,-15.57,0
OSF SAINT KATHARINE MEDICAL CENTER,IL,1.0106,62,362,3.66,0
OSS ORTHOPAEDIC HOSPITAL,PA,0.6843,22,811,-256.03,0
OSWEGO HOSPITAL,NY,1.0424,82,409,19.17,1
OTTUMWA REGIONAL HEALTH CENTER,IA,0.9612,14,82,-3.18,0
OUACHITA COUNTY MEDICAL CENTER,AR,1.045,14,78,3.51,0
OUR LADY OF FATIMA HOSPITAL,RI,0.9792,44,286,-5.82,0
"OUR LADY OF LOURDES MEMORIAL HOSPITAL, INC",NY,1.0321,103,570,19.22,1
"OUR LADY OF LOURDES REGIONAL MEDICAL CENTER, INC",LA,1.0322,339,2109,36.89,3
OUR LADY OF THE LAKE REGIONAL MEDICAL CENTER,LA,0.9555,205,1401,-59.42,0
OVERLAKE HOSPITAL MEDICAL CENTER,WA,1.0251,142,922,25.57,1
OVERLAND PARK REG MED CTR,KS,1.0546,123,640,29.18,2
OVERLOOK MEDICAL CENTER,NJ,0.9152,263,1968,-228.08,0
OVIEDO MEDICAL CENTER,FL,1.0365,58,268,8.79,0
OWATONNA HOSPITAL,MN,0.9916,11,67,-0.56,0
OWENSBORO HEALTH MUHLENBERG COMMUNITY HOSPITAL,KY,1.0104,31,170,-0.45,0
OWENSBORO HEALTH REGIONAL HOSPITAL,KY,0.998,284,1628,-7.42,2
OWENSBORO HEALTH TWIN LAKES MEDICAL CENTER,KY,0.9886,33,199,-3.78,0
OZARKS HEALTHCARE,MO,0.9696,84,578,-23.16,0
PAINTSVILLE ARH HOSPITAL,KY,1.1367,33,132,18.04,1
PALESTINE REGIONAL MEDICAL CENTER,TX,1.0378,55,276,6.42,0
PALI MOMI MEDICAL CENTER,HI,0.9922,114,767,-21.37,1
PALISADES MEDICAL CENTER,NJ,1.0557,128,594,37.19,2
PALM BAY HOSPITAL,FL,0.9235,97,668,-49.01,0
PALM BEACH GARDENS MEDICAL CENTER,FL,1.05,257,1368,70.57,3
PALMDALE REGIONAL MEDICAL CENTER,CA,1.0266,84,404,10.76,0
PALMETTO GENERAL HOSPITAL,FL,0.9735,83,484,-14.63,0
PALOMAR HEALTH DOWNTOWN CAMPUS,CA,0.9846,179,1158,-32.86,1
PALOMAR MEDICAL CENTER POWAY,CA,0.962,69,458,-9.79,0
PALOS COMMUNITY HOSPITAL,IL,1.1053,743,3873,329.99,5
PAOLI HOSPITAL,PA,0.9837,327,1978,-48.57,0
PARADISE VALLEY HOSPITAL,CA,1.0663,50,193,12.57,1
PARDEE HOSPITAL HENDERSON COUNTY,NC,0.9273,104,1111,-88.3,0
PARIS REGIONAL MEDICAL CENTER,TX,1.009,232,1266,-1.42,2
PARK NICOLLET METHODIST HOSPITAL,MN,1.0975,285,1772,144.81,4
PARKLAND HEALTH & HOSPITAL SYSTEM,TX,1.0119,77,360,-5.01,0
PARKLAND HEALTH CENTER,MO,0.9787,99,590,-16.22,0
PARKLAND MEDICAL CENTER,NH,1.0185,136,758,12.44,1
PARKRIDGE MEDICAL CENTER,TN,0.9989,217,1440,13.88,1
PARKVIEW COMMUNITY HOSPITAL MEDICAL CENTER,CA,1.0248,55,257,2.04,0
PARKVIEW DEKALB HOSPITAL,IN,1.0469,15,62,2.91,0
PARKVIEW HUNTINGTON HOSPITAL,IN,1.1131,18,73,8.26,0
"PARKVIEW MEDICAL CENTER, INC",CO,0.9512,126,959,-60.05,0
PARKVIEW NOBLE HOSPITAL,IN,1.0482,36,170,8.04,0
PARKVIEW REGIONAL HOSPITAL,TX,1.0329,13,75,2.47,0
PARKVIEW REGIONAL MEDICAL CENTER,IN,0.9926,372,2415,-88.9,2
PARKVIEW WHITLEY HOSPITAL,IN,1.0002,14,80,0.02,0
PARKWEST MEDICAL CENTER,TN,1.062,267,1942,82.99,3
PARMA COMMUNITY GENERAL HOSPITAL,OH,1.0595,215,1243,24.57,3
PARRISH MEDICAL CENTER,FL,1.0016,77,441,-2.43,1
PEACEHEALTH SOUTHWEST MEDICAL CENTER,WA,0.9854,207,1325,-51.68,1
PEACEHEALTH ST JOHN MEDICAL CENTER,WA,0.9378,68,460,-29.29,0
PECONIC BAY MEDICAL CENTER,NY,0.993,285,2536,-133.22,1
PELHAM MEDICAL CENTER,SC,0.9882,39,268,-5.05,0
PENINSULA MEDICAL CENTER,CA,0.9905,179,1097,-5.16,1
PENN HIGHLANDS DUBOIS,PA,0.9354,146,1000,-70.09,0
PENN HIGHLANDS HUNTINGDON,PA,1.0032,26,163,-0.57,0
PENN HIGHLANDS MON VALLEY,PA,1.0978,22,87,8.51,0
PENN PRESBYTERIAN MEDICAL CENTER,PA,0.9539,194,1668,-170.15,0
PENN STATE HEALTH HAMPDEN MEDICAL CENTER,PA,1.008,38,210,1.05,0
PENN STATE HEALTH HOLY SPIRIT MEDICAL CENTER,PA,1.04,146,801,15.76,2
PENN STATE HEALTH LANCASTER MEDICAL CENTER,PA,1.0132,18,92,1.21,0
PENN STATE HEALTH ST. JOSEPH,PA,0.9946,154,847,6.39,1
PENNSYLVANIA HOSPITAL,PA,1.0202,120,588,14.16,1
PERSON MEMORIAL HOSPITAL,NC,1.0699,16,58,4.05,0
PETALUMA VALLEY HOSPITAL,CA,0.997,43,248,-0.71,0
PETERSON REGIONAL MEDICAL CENTER,TX,0.9639,78,651,-30.28,0
PHELPS COUNTY REGIONAL MEDICAL CENTER,MO,1.0678,191,869,77.93,2
PHELPS HOSPITAL,NY,0.9226,76,555,-41.68,0
PHOEBE PUTNEY MEMORIAL HOSPITAL,GA,1.0158,187,1063,14.3,2
PHOEBE SUMTER MEDICAL CENTER,GA,1.0469,48,221,9.95,0
PHOENIXVILLE HOSPITAL,PA,1.0999,198,919,95.19,3
"PHYSICIANS CENTRE,THE",TX,0.9264,12,369,-27.16,0
PHYSICIANS REGIONAL MEDICAL CENTER,TN,1.0576,264,1597,41.57,1
PHYSICIANS REGIONAL MEDICAL CENTER - PINE RIDGE,FL,1.0455,407,2476,73.6,3
PIEDMONT ATHENS REGIONAL MEDICAL CENTER,GA,1.0206,403,2200,37.25,2
PIEDMONT AUGUSTA HOSPITAL,GA,0.9994,352,2072,-11.74,2
PIEDMONT CARTERSVILLE MEDICAL CENTER,GA,1.0038,133,724,6.85,1
PIEDMONT COLUMBUS REGIONAL MIDTOWN,GA,1.0181,117,571,14.68,1
PIEDMONT COLUMBUS REGIONAL NORTHSIDE,GA,0.9791,83,520,-11.43,0
PIEDMONT EASTSIDE MEDICAL CENTER,GA,1.0188,114,638,18.25,1
PIEDMONT FAYETTE HOSPITAL,GA,1.0292,261,1424,63.34,2
PIEDMONT HENRY HOSPITAL,GA,1.0372,185,935,36.25,1
"PIEDMONT HOSPITAL, INC",GA,1.0129,329,1932,29.01,2
PIEDMONT MACON NORTH HOSPITAL,GA,1.0154,33,197,2.16,0
PIEDMONT MEDICAL CENTER,SC,1.0137,244,1475,-3.22,2
PIEDMONT MOUNTAINSIDE HOSPITAL INC,GA,0.9882,98,579,-17.13,0
"PIEDMONT NEWNAN HOSPITAL, INC",GA,0.9528,147,954,-62.0,0
PIEDMONT NEWTON HOSPITAL,GA,1.0243,64,338,6.16,0
PIEDMONT ROCKDALE HOSPITAL,GA,1.0243,93,469,12.64,1
PIEDMONT WALTON HOSPITAL,GA,0.9979,65,366,-0.21,0
PIH HEALTH DOWNEY HOSPITAL,CA,1.0428,76,381,15.2,1
PIH HEALTH GOOD SAMARITAN HOSPITAL,CA,1.1056,179,706,86.84,2
PIH HEALTH HOSPITAL-WHITTIER,CA,1.0355,187,908,54.71,2
PIKEVILLE MEDICAL CENTER,KY,1.0546,217,1062,65.09,2
PIONEERS MEMORIAL HEALTHCARE DISTRICT,CA,0.9822,43,265,-8.16,0
PLAINS REGIONAL MEDICAL CENTER,NM,0.9804,24,178,-3.49,0
PLAINVIEW HOSPITAL,NY,0.9678,209,1270,-72.96,0
POMONA VALLEY HOSPITAL MEDICAL CENTER,CA,0.9543,105,694,-37.84,0
POPLAR BLUFF REGIONAL MEDICAL CENTER,MO,0.9972,206,1181,-15.71,1
PORTNEUF MEDICAL CENTER,ID,0.9626,80,591,-20.62,0
PORTSMOUTH REGIONAL HOSPITAL,NH,1.0267,193,1185,27.06,1
POTTSTOWN HOSPITAL,PA,1.0046,107,612,1.78,0
POUDRE VALLEY HOSPITAL,CO,0.9076,105,860,-75.36,0
"PRAIRIE LAKES HEALTHCARE SYSTEM, INC",SD,1.0127,12,65,0.83,0
PRATTVILLE BAPTIST HOSPITAL,AL,1.0055,72,404,3.2,0
PRESBYTERIAN HOSPITAL,NM,0.9116,286,2165,-185.54,0
PRESENCE MERCY MEDICAL CENTER,IL,1.058,108,500,25.5,1
PRESENCE SAINT JOSEPH HOSPITAL - CHICAGO,IL,1.0018,53,291,-0.64,0
PRESENCE SAINTS MARY AND ELIZABETH MEDICAL CENTER,IL,1.0461,88,370,10.8,1
PRESENCE ST MARYS HOSPITAL,IL,0.9342,55,407,-33.65,0
PRINCETON BAPTIST MEDICAL CENTER,AL,0.9829,73,467,-16.94,1
PRINCETON COMMUNITY HOSPITAL ASSN INC,WV,0.9901,141,861,-6.5,0
PRISMA HEALTH BAPTIST,SC,0.981,41,254,-4.92,0
PRISMA HEALTH BAPTIST EASLEY HOSPITAL,SC,0.9772,77,480,-21.22,0
PRISMA HEALTH BAPTIST PARKRIDGE,SC,0.9248,48,399,-29.94,0
PRISMA HEALTH GREENVILLE MEMORIAL HOSPITAL,SC,1.0146,313,2073,-13.95,1
PRISMA HEALTH GREER MEMORIAL HOSPITAL,SC,0.901,43,399,-39.8,0
PRISMA HEALTH HILLCREST HOSPITAL,SC,0.9681,37,265,-8.44,0
PRISMA HEALTH LAURENS COUNTY HOSPITAL,SC,1.0176,50,278,4.83,0
PRISMA HEALTH OCONEE MEMORIAL HOSPITAL,SC,1.0223,143,802,27.97,1
PRISMA HEALTH RICHLAND HOSPITAL,SC,0.9862,259,1637,-56.38,1
PRISMA HEALTH TUOMEY HOSPITAL,SC,1.0124,121,665,20.06,1
PROGRESS WEST HOSPITAL,MO,0.9478,45,304,-15.9,0
PROMEDICA CHARLES AND VIRGINIA HICKMAN HOSPITAL,MI,0.9492,62,413,-19.87,0
PROMEDICA MONROE REGIONAL HOSPITAL,MI,1.1006,134,538,58.67,2
PROMEDICA TOLEDO HOSPITAL,OH,0.9319,415,2737,-189.31,0
PROV SACRED HRT MED CTR & CHILDS HOSP.,WA,0.9154,190,1458,-138.13,0
PROVIDENCE ALASKA MEDICAL CENTER,AK,0.9251,181,1480,-123.44,0
PROVIDENCE CEDARS SINAI TARZANA MEDICAL CENTER,CA,1.0359,256,1299,58.03,3
PROVIDENCE CENTRALIA HOSPITAL,WA,0.994,68,399,0.39,0
PROVIDENCE HOLY CROSS MEDICAL CENTER,CA,1.0743,192,834,58.85,2
PROVIDENCE HOLY FAMILY HOSPITAL,WA,0.9292,70,524,-35.71,0
PROVIDENCE LITTLE CO OF MARY MED CTR SAN PEDRO,CA,0.9662,32,218,-7.5,0
PROVIDENCE LITTLE COMPANY OF MARY MED CTR TORRANCE,CA,0.9928,158,958,-1.35,0
PROVIDENCE MEDFORD MEDICAL CENTER,OR,0.9732,58,381,-9.53,0
PROVIDENCE MEDICAL CENTER,KS,1.0336,140,718,32.34,1
PROVIDENCE MILWAUKIE HOSPITAL,OR,0.9503,15,113,-5.62,0
PROVIDENCE MISSION HOSPITAL,CA,1.0108,246,1552,26.05,1
PROVIDENCE NEWBERG MEDICAL CENTER,OR,0.8639,11,137,-18.65,0
PROVIDENCE PORTLAND MEDICAL CENTER,OR,0.9348,92,679,-47.2,0
PROVIDENCE QUEEN OF THE VALLEY MEDICAL CENTER,CA,0.9583,129,838,-34.4,0
PROVIDENCE REGIONAL MEDICAL CENTER EVERETT,WA,0.9512,208,1463,-81.3,0
PROVIDENCE SAINT JOSEPH MEDICAL CTR,CA,1.0906,386,1879,212.53,3
PROVIDENCE SANTA ROSA MEMORIAL HOSPITAL,CA,0.9854,217,1358,-29.64,1
PROVIDENCE ST JOSEPH HOSPITAL,CA,0.8898,142,1131,-153.11,0
PROVIDENCE ST MARY MEDICAL CENTER,CA,1.0227,135,702,23.81,2
PROVIDENCE ST MARY MEDICAL CENTER,WA,0.9172,96,813,-66.37,0
PROVIDENCE ST PETER HOSPITAL,WA,1.0271,246,1499,41.2,1
PROVIDENCE ST VINCENT MEDICAL CENTER,OR,0.9571,236,1657,-85.86,0
PROVIDENCE ST. JOSEPH HOSPITAL,CA,0.984,178,1088,-25.84,0
PROVIDENCE ST. JUDE MEDICAL CENTER,CA,1.0089,259,1429,41.83,1
PROVIDENCE WILLAMETTE FALLS MEDICAL CENTER,OR,0.9668,33,246,-9.11,0
PUTNAM HOSPITAL CENTER,NY,0.9654,83,529,-18.29,0
QUAIL CREEK SURGICAL HOSPITAL,TX,1.1269,11,179,22.72,1
QUEENS HOSPITAL CENTER,NY,1.0119,55,282,6.21,1
RALEIGH GENERAL HOSPITAL,WV,1.0507,185,856,61.67,3
RANDOLPH HOSPITAL,NC,0.987,47,275,-3.56,0
RAPIDES REGIONAL MEDICAL CENTER,LA,1.0608,192,1019,66.58,1
RARITAN BAY MEDICAL CENTER,NJ,1.0429,230,1150,53.01,2
READING HOSPITAL,PA,0.9928,580,3354,12.46,4
REDLANDS COMMUNITY HOSPITAL,CA,0.9741,51,304,-4.78,0
REGIONAL HOSPITAL OF SCRANTON,PA,1.0167,305,1710,52.13,2
REGIONAL MEDICAL CENTER OF SAN JOSE,CA,1.1518,234,1059,207.2,3
REGIONAL WEST MEDICAL CENTER,NE,1.0297,98,543,14.72,1
REGIONS HOSPITAL,MN,0.9886,134,999,-49.52,1
REID HEALTH,IN,1.0103,338,1886,5.34,2
RENOWN REGIONAL MEDICAL CENTER,NV,0.9528,311,2083,-112.18,0
RENOWN SOUTH MEADOWS MEDICAL CENTER,NV,0.975,58,412,-9.11,0
RESEARCH MEDICAL CENTER,MO,1.0121,77,415,2.73,0
RESOLUTE HEALTH HOSPITAL,TX,1.0615,77,376,23.19,2
RESTON HOSPITAL CENTER,VA,1.0181,149,1014,17.7,0
REX HOSPITAL,NC,0.9752,470,3133,-64.41,1
REYNOLDS MEMORIAL HOSPITAL,WV,1.0353,57,277,12.45,1
RHODE ISLAND HOSPITAL,RI,0.9822,250,1464,-17.07,2
RICHMOND UNIVERSITY MEDICAL CENTER,NY,1.076,119,510,65.95,1
RIDDLE MEMORIAL HOSPITAL,PA,1.0526,267,1893,69.05,1
RIDGEVIEW MEDICAL CENTER,MN,0.9839,80,807,-29.11,0
RIO GRANDE REGIONAL HOSPITAL,TX,1.0104,57,285,3.42,0
RIVERS HEALTH,WV,1.048,25,108,4.73,0
RIVERSIDE COMMUNITY HOSPITAL,CA,1.0624,215,981,69.77,2
RIVERSIDE DOCTORS' HOSPITAL OF WILLIAMSBURG,VA,0.968,46,345,-11.73,0
RIVERSIDE MEDICAL CENTER,IL,0.9922,203,1186,-16.37,0
RIVERSIDE METHODIST HOSPITAL,OH,0.9156,389,2737,-223.53,1
RIVERSIDE REGIONAL MEDICAL CENTER,VA,0.9679,300,1887,-81.2,1
RIVERSIDE SHORE MEMORIAL HOSPITAL,VA,1.0082,49,292,2.51,0
RIVERSIDE UNIVERSITY HEALTH SYSTEM-MEDICAL CENTER,CA,1.038,81,353,17.89,1
RIVERSIDE WALTER REED HOSPITAL,VA,0.9496,54,378,-19.02,0
RIVERVIEW HEALTH,IN,1.0078,74,442,5.23,1
RIVERVIEW MEDICAL CENTER,NJ,1.0303,256,1664,11.44,2
RIVERVIEW REGIONAL MEDICAL CENTER,AL,1.0956,159,696,73.4,2
ROANE MEDICAL CENTER,TN,1.0399,70,353,16.42,1
ROBERT PACKER HOSPITAL,PA,0.9962,209,1301,-22.41,1
ROBERT WOOD JOHNSON UNIVERSITY HOSPITAL,NJ,1.114,515,2715,225.84,3
ROBERT WOOD JOHNSON UNIVERSITY HOSPITAL - SOMERSET,NJ,1.0781,355,1724,171.78,3
ROBERT WOOD JOHNSON UNIVERSITY HOSPITAL AT HAMILTON,NJ,1.0593,208,984,86.57,2
ROBERT WOOD JOHNSON UNIVERSITY HOSPITAL AT RAHWAY,NJ,1.0401,114,572,25.48,1
ROCHESTER GENERAL HOSPITAL,NY,1.0634,205,993,69.05,2
"ROCK REGIONAL HOSPITAL, LLC",KS,0.9725,12,109,-3.0,0
ROGER WILLIAMS MEDICAL CENTER,RI,0.953,28,204,-10.52,0
ROLLING PLAINS MEMORIAL HOSPITAL,TX,0.9991,11,72,-0.06,0
"ROME MEMORIAL HOSPITAL, INC",NY,1.0207,55,301,6.72,0
RONALD REAGAN UCLA MEDICAL CENTER,CA,0.9569,179,1071,-51.3,0
ROPER HOSPITAL,SC,0.9931,295,2075,-21.18,1
ROPER ST FRANCIS HOSPITAL-BERKELEY INC,SC,0.9999,53,319,-1.66,0
ROSELAND COMMUNITY HOSPITAL,IL,1.0052,13,53,0.28,0
ROTHMAN ORTHOPAEDIC SPECIALTY HOSPITAL,PA,0.7084,14,720,-209.95,0
ROUND ROCK MEDICAL CENTER,TX,0.978,160,1100,-31.02,0
ROXBOROUGH MEMORIAL HOSPITAL,PA,0.9836,28,151,-2.7,0
RUSH OAK PARK HOSPITAL,IL,1.0351,95,489,16.33,1
RUSH UNIVERSITY MEDICAL CENTER,IL,0.9725,275,1586,-33.36,1
RUSSELL COUNTY HOSPITAL,VA,1.0503,40,160,6.94,0
RUSSELL MEDICAL CENTER,AL,0.9711,11,71,-2.05,0
RUSSELLVILLE HOSPITAL,AL,1.0278,15,92,2.56,0
RUTHERFORD REGIONAL MEDICAL CENTER,NC,0.9739,35,228,-6.44,0
RUTLAND REGIONAL MEDICAL CENTER,VT,0.9886,119,701,-17.34,0
SACRED HEART HOSPITAL,FL,1.0378,274,1420,54.91,2
SACRED HEART HOSPITAL ON THE EMERALD COAST,FL,1.0056,69,413,6.79,1
SACRED HEART MEDICAL CENTER - RIVERBEND,OR,0.92,206,1813,-147.16,0
SAGEWEST HEALTH CARE,WY,0.9462,17,167,-8.98,0
SAINT AGNES HOSPITAL,MD,0.9968,176,1015,-3.57,0
SAINT AGNES MEDICAL CENTER,CA,1.097,526,2585,358.63,4
SAINT ALPHONSUS MEDICAL CENTER - NAMPA,ID,0.9708,37,254,-8.5,0
SAINT ALPHONSUS MEDICAL CENTER ONTARIO,OR,1.0146,12,57,0.83,0
SAINT ALPHONSUS REGIONAL MEDICAL CENTER,ID,0.928,88,727,-52.78,0
SAINT ANNE'S HOSPITAL,MA,1.0199,203,1473,6.38,1
SAINT ANTHONY MEDICAL CENTER,IL,1.1091,268,1532,124.91,4
SAINT CLARE'S HOSPITAL/ DENVILLE CAMPUS,NJ,1.0804,259,1303,139.66,2
SAINT FRANCIS BARTLETT MEDICAL CENTER,TN,1.0156,135,783,9.89,1
SAINT FRANCIS HOSPITAL MUSKOGEE,OK,1.1562,226,1122,90.16,2
"SAINT FRANCIS HOSPITAL SOUTH, LLC",OK,1.0045,109,668,-0.23,1
"SAINT FRANCIS HOSPITAL VINITA, INC",OK,1.0346,38,210,10.26,1
"SAINT FRANCIS HOSPITAL, INC",OK,0.9468,491,3139,-134.79,1
SAINT FRANCIS HOSPITAL-EVANSTON,IL,1.0627,104,467,27.67,2
SAINT FRANCIS MEDICAL CENTER,CA,1.0404,98,420,21.82,1
SAINT FRANCIS MEDICAL CENTER,IL,1.0165,447,2792,57.35,2
SAINT FRANCIS MEDICAL CENTER,MO,0.9398,146,1002,-86.1,0
SAINT JAMES HOSPITAL,IL,1.0201,38,242,4.09,0
SAINT JOHN HOSPITAL,KS,0.9986,37,225,-3.96,0
SAINT JOHN'S HEALTH CENTER,CA,0.9155,274,3034,-900.66,1
SAINT JOSEPH EAST,KY,1.1599,55,280,38.6,1
SAINT JOSEPH HOSPITAL,CO,0.9818,37,218,-4.01,0
SAINT JOSEPH HOSPITAL,KY,1.055,190,916,64.17,2
SAINT JOSEPH HOSPITAL-ELGIN,IL,0.9403,51,329,-19.55,0
SAINT JOSEPH LONDON,KY,1.0249,92,450,11.58,1
SAINT JOSEPH MEDICAL CENTER,IL,1.0345,317,1620,60.33,3
SAINT JOSEPH MOUNT STERLING,KY,1.0057,31,156,0.73,0
SAINT JOSEPH REGIONAL MEDICAL CENTER,IN,0.9933,188,1136,7.86,1
SAINT JOSEPH REGIONAL MEDICAL CENTER - PLYMOUTH,IN,0.9454,18,127,-6.93,0
"SAINT JOSEPH'S HOSPITAL OF ATLANTA, INC",GA,1.0444,274,1610,86.37,3
SAINT LUKE'S EAST  HOSPITAL,MO,0.9529,261,1741,-127.02,1
SAINT LUKE'S SOUTH HOSPITAL,KS,0.986,157,947,-22.86,0
SAINT LUKES NORTH HOSPITAL,MO,0.9486,90,643,-39.27,0
SAINT MARY'S HOSPITAL,CT,0.9541,116,717,-22.86,0
SAINT MARY'S REGIONAL MEDICAL CENTER,NV,1.0015,156,962,-8.17,0
SAINT MICHAEL'S MEDICAL CENTER,NJ,1.0341,49,218,7.46,0
SAINT PETER'S UNIVERSITY HOSPITAL,NJ,1.0379,150,842,33.4,1
SAINT ROSE DOMINICAN HOSPITALS - SAN MARTIN CAMPUS,NV,1.0744,101,529,25.42,1
SAINT ROSE DOMINICAN HOSPITALS - SIENA CAMPUS,NV,1.0189,354,1803,106.99,2
SAINT THOMAS RIVER PARK HOSPITAL,TN,1.0022,43,258,-1.4,0
SAINT THOMAS RUTHERFORD HOSPITAL,TN,0.9546,239,1621,-87.16,0
SAINT VINCENT HOSPITAL,PA,0.9977,189,1116,-8.66,0
SALEM HOSPITAL,OR,0.9466,220,1433,-70.5,0
SALEM REGIONAL MEDICAL CENTER,OH,0.958,34,236,-9.54,0
SALINA REGIONAL HEALTH CENTER,KS,0.8915,76,772,-97.04,0
SALINA SURGICAL HOSPITAL,KS,0.5593,11,788,-347.27,0
SALINAS VALLEY MEMORIAL HOSPITAL,CA,1.032,286,1570,77.4,3
SALINE MEMORIAL HOSPITAL,AR,1.0181,53,317,8.53,1
SAMARITAN HOSPITAL,WA,1.008,18,95,0.76,0
"SAMARITAN HOSPITAL OF TROY, NEW YORK",NY,0.9387,137,874,-54.41,0
SAMARITAN MEDICAL CENTER,NY,1.0179,102,527,7.36,0
SAMPSON REGIONAL MEDICAL CENTER,NC,1.0738,56,263,17.1,1
SAN ANTONIO REGIONAL HOSPITAL,CA,0.9786,168,1049,-7.85,1
SAN DIMAS COMMUNITY HOSPITAL,CA,1.1288,66,227,43.55,1
SAN GABRIEL VALLEY MEDICAL CENTER,CA,1.065,140,647,46.12,1
SAN JOAQUIN GENERAL HOSPITAL,CA,1.0446,24,104,4.64,0
SAN JUAN REGIONAL MEDICAL CENTER INC,NM,0.967,137,972,-49.93,1
SAN RAMON REGIONAL MEDICAL CENTER,CA,0.9902,83,509,-4.76,0
SANFORD BEMIDJI MEDICAL CENTER,MN,0.9425,74,538,-33.74,0
SANFORD MEDICAL CENTER ABERDEEN,SD,0.9669,25,165,-6.33,0
SANFORD MEDICAL CENTER BISMARCK,ND,0.9437,223,1557,-119.71,0
SANFORD MEDICAL CENTER FARGO,ND,0.93,325,2281,-202.8,0
SANFORD USD MEDICAL CENTER,SD,0.9342,265,1869,-142.35,0
SANTA BARBARA COTTAGE HOSPITAL,CA,0.982,276,1945,-17.47,1
SANTA CLARA VALLEY MEDICAL CENTER,CA,1.0098,297,1593,12.7,1
SANTA MONICA - UCLA MED CTR & ORTHOPAEDIC HOSPITAL,CA,1.036,261,1502,88.87,1
SANTA ROSA MEDICAL CENTER,FL,1.014,86,470,12.79,1
SARAH BUSH LINCOLN HEALTH CENTER,IL,1.0346,221,1488,36.95,1
SARASOTA MEMORIAL HOSPITAL,FL,0.9344,941,6638,-267.4,1
SARASOTA MEMORIAL HOSPITAL - VENICE,FL,0.9493,264,1673,-95.07,0
SARATOGA HOSPITAL,NY,1.0189,148,864,2.4,1
SAVANNAH HEALTH SERVICES LLC DBA MEMORIAL HEALTH UNIVERSITY MEDICAL CENTER,GA,1.0875,249,1357,96.76,3
SCENIC MOUNTAIN MEDICAL CENTER,TX,1.0566,11,50,2.83,0
SCHUYLKILL MEDICAL CENTER - SOUTH JACKSON STREET,PA,0.9826,89,513,-7.44,1
SCOTLAND MEMORIAL HOSPITAL,NC,1.0247,68,348,6.91,1
SCRIPPS GREEN HOSPITAL,CA,0.8436,54,1224,-309.72,0
SCRIPPS MEMORIAL HOSPITAL - ENCINITAS,CA,1.0058,204,1476,-54.73,1
SCRIPPS MEMORIAL HOSPITAL LA JOLLA,CA,0.9946,349,2469,-96.86,1
SCRIPPS MERCY HOSPITAL,CA,1.0484,200,942,50.13,1
SELF REGIONAL HEALTHCARE,SC,0.9945,161,1057,-6.74,1
SENTARA ALBEMARLE MEDICAL CENTER,NC,1.0005,154,814,6.63,1
SENTARA CAREPLEX HOSPITAL,VA,1.0144,192,997,32.82,1
SENTARA HALIFAX REGIONAL HOSPITAL,VA,0.9646,97,620,-24.79,0
SENTARA LEIGH HOSPITAL,VA,1.0454,396,2036,75.59,2
SENTARA MARTHA JEFFERSON HOSPITAL,VA,0.9476,177,1315,-97.42,0
SENTARA NORFOLK GENERAL HOSPITAL,VA,0.9846,371,2258,-50.87,0
SENTARA NORTHERN VIRGINIA MEDICAL CENTER,VA,1.0557,241,1180,79.61,2
SENTARA OBICI HOSPITAL,VA,0.9708,247,1461,-13.37,1
SENTARA PRINCESS ANNE HOSPITAL,VA,1.0259,312,1614,24.02,2
SENTARA RMH MEDICAL CENTER,VA,0.9694,347,1999,-17.09,1
SENTARA VIRGINIA BEACH GENERAL HOSPITAL,VA,0.9637,390,2268,-5.62,1
SENTARA WILLIAMSBURG REGIONAL MEDICAL CENTER,VA,0.9798,164,1087,-49.73,0
SEQUOIA HOSPITAL,CA,0.9659,73,471,-12.63,0
SETON MEDICAL CENTER HARKER HEIGHTS,TX,1.0623,73,323,20.68,1
SGMC HEALTH,GA,1.0503,271,1365,83.25,2
SHANDS JACKSONVILLE,FL,0.9965,190,1013,-19.74,0
SHANNON MEDICAL CENTER,TX,0.987,246,1676,-68.14,0
SHARON HOSPITAL,CT,0.997,44,281,-1.41,0
SHARON REGIONAL MEDICAL CENTER,PA,1.011,58,301,6.18,0
SHARP CHULA VISTA MEDICAL CENTER,CA,1.027,190,1139,-16.78,0
SHARP CORONADO HOSPITAL AND HLTHCR CTR,CA,0.9117,12,144,-12.72,0
SHARP MEMORIAL HOSPITAL,CA,0.9912,212,1277,-12.36,0
SHASTA REGIONAL MEDICAL CENTER,CA,1.0875,248,1542,170.12,2
SHELBY BAPTIST MEDICAL CENTER,AL,1.0172,81,428,7.43,0
SHERIDAN MEMORIAL HOSPITAL,WY,0.9848,53,405,-6.49,0
SHERMAN OAKS HOSPITAL,CA,1.1022,170,619,71.58,2
SHORE MEDICAL CENTER,NJ,1.0143,174,1039,-2.91,1
SHOREPOINT HEALTH PUNTA GORDA,FL,1.0274,97,497,29.47,1
SIBLEY MEMORIAL HOSPITAL,DC,0.94,107,795,-48.31,0
SIERRA MEDICAL CENTER,TX,0.9954,60,330,-0.04,0
SIERRA NEVADA MEMORIAL HOSPITAL,CA,0.9905,98,644,-8.0,0
SIERRA VIEW MEDICAL CENTER,CA,1.0414,108,526,15.39,0
SIGNATURE HEALTHCARE BROCKTON HOSPITAL,MA,1.0152,83,440,5.91,1
SILOAM SPRINGS REGIONAL HOSPITAL,AR,1.0123,11,78,0.96,0
SILVER CROSS HOSPITAL  AND MEDICAL CENTERS,IL,1.014,586,3180,194.35,2
SINAI HOSPITAL OF BALTIMORE,MD,0.9525,228,1428,-51.2,1
SINAI-GRACE HOSPITAL,MI,1.0261,110,452,14.57,1
SINGING RIVER GULFPORT,MS,1.0543,48,228,12.62,0
SINGING RIVER HEALTH SYSTEM,MS,1.0567,258,1528,97.2,4
SIOUX FALLS SPECIALTY HOSPITAL,SD,1.2516,21,318,80.01,1
SISTERS OF CHARITY HOSPITAL,NY,1.0572,53,236,12.44,0
SKAGIT VALLEY HOSPITAL,WA,0.9966,120,828,-11.01,0
SKY LAKES MEDICAL CENTER,OR,0.9357,70,485,-32.41,0
SKY RIDGE MEDICAL CENTER,CO,1.1268,100,591,56.96,2
SLIDELL MEMORIAL HOSPITAL,LA,1.0942,188,795,88.22,2
SMYTH COUNTY COMMUNITY HOSPITAL,VA,0.9766,14,112,-2.62,0
SOIN MEDICAL CENTER,OH,1.0909,222,975,101.5,2
SOUTH ARKANSAS REGIONAL HOSPITAL LLC,AR,0.9384,40,320,-20.81,0
SOUTH BROOKLYN HEALTH,NY,1.1078,316,1285,173.83,3
SOUTH CENTRAL REG MED CTR,MS,1.1172,158,731,90.43,3
SOUTH COUNTY HOSPITAL INC,RI,0.9947,119,1071,13.64,1
SOUTH FLORIDA BAPTIST HOSPITAL,FL,0.922,40,293,-22.59,0
SOUTH MIAMI HOSPITAL,FL,1.0007,171,959,21.34,2
SOUTH POINTE HOSPITAL,OH,1.031,111,541,26.07,2
SOUTH SHORE HOSPITAL,MA,1.1172,900,4608,516.09,4
SOUTH TEXAS HEALTH SYSTEM,TX,1.0613,165,775,50.72,2
SOUTH TEXAS SPINE AND SURGICAL HOSPITAL,TX,0.8173,12,477,-87.15,0
SOUTHCOAST HOSPITALS GROUP,MA,0.9506,846,5397,-193.41,0
SOUTHEAST GEORGIA HEALTH SYSTEM- BRUNSWICK CAMPUS,GA,1.032,250,1328,68.53,2
SOUTHEAST HEALTH MEDICAL CENTER,AL,0.9766,280,1692,-17.12,1
SOUTHEAST IOWA REGIONAL MEDICAL CENTER,IA,0.9389,171,1174,-65.53,0
SOUTHEASTERN OHIO REGIONAL MEDICAL CENTER,OH,0.9754,43,273,-7.98,0
SOUTHEASTERN REGIONAL MEDICAL CENTER,NC,1.0466,141,683,37.94,1
SOUTHERN CALIFORNIA HOSPITAL AT HOLLYWOOD,CA,1.0087,323,1345,64.85,2
SOUTHERN HILLS HOSPITAL AND MEDICAL CENTER,NV,1.0184,157,802,38.56,1
SOUTHERN NH MEDICAL CENTER,NH,0.9913,149,999,-47.44,0
SOUTHERN OCEAN MEDICAL CENTER,NJ,1.0232,269,1406,14.54,1
SOUTHERN OHIO MEDICAL CENTER,OH,1.0038,204,1117,20.74,1
SOUTHERN REGIONAL MEDICAL CENTER,GA,1.0509,32,140,7.1,0
SOUTHERN TENNESSEE REGIONAL HEALTH SYSTEM LAWRENCE,TN,0.9885,32,212,-4.5,0
SOUTHERN TENNESSEE REGIONAL HEALTH SYSTEM PULASKI,TN,0.9708,24,170,-5.66,0
SOUTHERN TENNESSEE REGIONAL HEALTH SYSTEM WINCHEST,TN,0.9979,26,170,-0.36,0
"SOUTHSIDE COMMUNITY HOSPITAL, INC",VA,0.9449,68,493,-26.5,0
SOUTHWEST GENERAL HEALTH CENTER,OH,1.091,285,1628,143.44,4
SOUTHWEST HEALTHCARE RANCHO SPRINGS HOSPITAL,CA,1.0081,80,462,-6.04,1
SOUTHWEST MEDICAL CENTER,KS,1.0568,24,129,7.33,0
SOUTHWEST MS REGIONAL MEDICAL CENTER,MS,1.0481,115,602,28.57,1
SOUTHWESTERN MEDICAL CENTER,OK,1.0348,47,257,1.74,0
SOUTHWESTERN VERMONT MEDICAL CENTER,VT,0.9921,100,608,-6.36,0
SOVAH HEALTH DANVILLE,VA,0.9856,203,1265,-39.03,1
SPARTANBURG MEDICAL CENTER,SC,0.9802,388,2553,-53.58,1
SPECTRUM HEALTH,MI,0.8834,336,2358,-239.98,0
SPECTRUM HEALTH UNITED HOSPITAL,MI,1.0257,60,313,10.46,1
SPENCER MUNICIPAL HOSPITAL,IA,1.0213,51,301,7.05,0
SPOTSYLVANIA REGIONAL MEDICAL CENTER,VA,1.0454,154,748,55.1,2
SPRING VALLEY HOSPITAL MEDICAL CENTER,NV,1.0404,161,793,48.54,2
SPRINGFIELD REGIONAL MEDICAL CENTER,OH,1.0261,172,914,4.2,1
SPRINGHILL MEDICAL CENTER,AL,1.0253,99,517,7.51,0
SPRINGHILL MEDICAL CENTER,LA,0.9954,11,74,-0.34,0
SSM HEALTH DEPAUL HOSPITAL ST LOUIS,MO,0.9491,127,749,-40.28,0
SSM HEALTH SAINT LOUIS UNIVERSITY HOSPITAL,MO,1.0846,82,306,26.57,1
SSM HEALTH ST AGNES HOSPITAL-FOND DU LAC,WI,0.9586,57,382,-17.66,0
SSM HEALTH ST ANTHONY HOSPITAL - MIDWEST,OK,1.0587,125,618,36.9,2
SSM HEALTH ST ANTHONY HOSPITAL - OKLAHOMA CITY,OK,0.891,204,1923,-306.98,0
SSM HEALTH ST ANTHONY HOSPITAL - SHAWNEE,OK,0.9662,49,334,-5.42,0
SSM HEALTH ST CLARE HOSPITAL - BARABOO,WI,0.9676,28,197,-6.13,0
SSM HEALTH ST MARY'S HOSPITAL - JANESVILLE,WI,1.0028,36,219,0.55,0
SSM HEALTH ST MARY'S HOSPITAL - MADISON,WI,0.9633,230,1730,-89.38,0
SSM HEALTH ST MARY'S HOSPITAL - ST LOUIS,MO,1.0388,128,613,28.51,1
SSM HEALTH ST MARY'S HOSPITAL -CENTRALIA,IL,1.0476,111,570,39.32,2
SSM HEALTH ST. MARY'S HOSPITAL - JEFFERSON CITY,MO,1.0531,100,549,14.16,1
SSM ST CLARE HEALTH CENTER,MO,1.0102,172,931,19.35,1
SSM ST JOSEPH HEALTH CENTER,MO,1.0531,123,589,23.93,2
SSM ST JOSEPH HOSPITAL WEST,MO,0.957,158,983,-38.23,0
ST ALEXIUS MEDICAL CENTER,IL,0.9827,212,1284,-7.87,1
ST ANTHONY COMMUNITY HOSPITAL,NY,0.9358,31,280,-21.98,0
ST ANTHONY HOSPITAL,WA,0.9144,108,817,-95.02,0
ST ANTHONYS HOSPITAL,FL,1.0124,295,1604,-4.17,0
ST ANTHONYS MEMORIAL HOSPITAL,IL,1.0329,115,610,19.69,1
ST BARNABAS HOSPITAL,NY,1.0618,15,49,3.03,0
ST BERNARD HOSPITAL,IL,1.0705,30,68,4.79,0
ST BERNARDINE MEDICAL CENTER,CA,1.0491,107,500,23.68,1
ST BERNARDS MEDICAL CENTER,AR,1.077,295,1591,90.51,3
ST CATHERINE HOSPITAL INC,IN,1.0067,58,286,-1.53,0
ST CATHERINE OF SIENA HOSPITAL,NY,0.9015,152,1025,-114.11,0
ST CHARLES HOSPITAL,NY,0.9194,51,421,-39.59,0
ST CHARLES MEDICAL CENTER - BEND,OR,0.908,194,1619,-171.74,0
ST CLAIR HOSPITAL,PA,1.0327,185,1148,16.53,1
ST CLAIRE REGIONAL MEDICAL CENTER,KY,1.0642,89,401,28.93,1
ST CLARE HOSPITAL,WA,0.952,39,286,-13.71,0
ST CLOUD HOSPITAL,MN,0.943,232,1680,-132.91,0
ST DAVID'S MEDICAL CENTER,TX,0.9974,496,3247,5.67,2
ST DAVID'S SOUTH AUSTIN MEDICAL CENTER,TX,1.0039,224,1410,-32.84,1
ST DOMINIC-JACKSON MEMORIAL HOSPITAL,MS,1.0103,387,2326,104.73,2
ST ELIZABETH COMMUNITY HOSPITAL,CA,0.9819,56,357,-4.97,0
ST ELIZABETH DEARBORN HOSPITAL,IN,1.0202,86,425,6.33,0
ST ELIZABETH EDGEWOOD,KY,1.039,414,2215,87.34,3
ST ELIZABETH FLORENCE,KY,1.0174,140,740,15.21,1
ST ELIZABETH FT THOMAS,KY,1.0697,135,614,40.38,2
ST ELIZABETH YOUNGSTOWN HOSPITAL,OH,1.0251,269,1450,63.3,2
ST FRANCIS COMMUNITY HOSPITAL,WA,0.99,72,425,-4.25,0
ST FRANCIS HOSPITAL,DE,0.9525,23,148,-7.03,0
ST FRANCIS HOSPITAL,TN,1.0566,99,532,24.64,2
ST FRANCIS HOSPITAL & MEDICAL CENTER,CT,0.9858,278,1717,-79.53,1
ST FRANCIS HOSPITAL - THE HEART CENTER,NY,0.9459,816,5547,-250.86,2
ST FRANCIS HOSPITAL- EMORY HEALTHCARE,GA,1.001,160,1012,-5.45,1
ST FRANCIS MEDICAL CENTER,LA,0.9899,187,1180,-13.83,0
ST FRANCIS REGIONAL MEDICAL CENTER,MN,1.0072,51,306,1.88,0
ST FRANCIS-DOWNTOWN,SC,0.9415,276,2168,-97.99,0
ST JAMES HOSPITAL,MT,0.9962,42,269,-1.07,0
ST JAMES HOSPITAL,NY,1.026,19,120,3.12,0
ST JOE MERCY HOSPITAL SYSTEM LIVONIA,MI,1.0756,351,1638,142.6,3
ST JOHN'S EPISCOPAL HOSPITAL AT SOUTH SHORE,NY,1.1635,126,426,99.42,1
ST JOHN'S RIVERSIDE HOSPITAL,NY,1.0478,168,830,52.95,2
ST JOHNS HOSPITAL,IL,0.9469,379,2428,-120.23,0
ST JOHNS REGIONAL MEDICAL CENTER,CA,0.9506,285,1689,-52.75,0
ST JOSEPH HOSPITAL,ME,1.0558,102,507,44.31,1
ST JOSEPH HOSPITAL,NH,0.9698,134,900,-48.66,0
ST JOSEPH HOSPITAL,WA,0.9474,251,1865,-134.77,0
ST JOSEPH MEDICAL CENTER,IL,1.0358,160,953,51.51,2
ST JOSEPH MEDICAL CENTER,MO,1.0088,92,498,10.01,1
ST JOSEPH MEDICAL CENTER,WA,0.9755,157,1026,-60.87,0
ST JOSEPH REGIONAL MEDICAL CENTER,ID,0.9205,63,540,-46.08,0
ST JOSEPH'S HOSPITAL,AZ,0.9994,71,486,-4.93,0
ST JOSEPH'S HOSPITAL - SAVANNAH,GA,0.9966,148,920,7.86,1
ST JOSEPH'S HOSPITAL HEALTH CENTER,NY,1.0794,445,2506,273.6,4
ST JOSEPH'S MEDICAL CENTER,NY,1.0294,17,93,2.73,0
ST JOSEPH'S MEDICAL CENTER OF STOCKTON,CA,1.0304,232,1286,21.38,1
ST JOSEPH'S UNIVERSITY MEDICAL CENTER INC,NJ,1.0735,283,1353,88.52,2
ST JOSEPHS COMMUNITY HOSPITAL WEST BEND,WI,0.9622,55,365,-16.38,0
ST JOSEPHS HOSPITAL,FL,1.0249,646,3434,97.76,2
ST JOSEPHS HOSPITAL,IL,0.9822,39,262,-3.67,0
ST JOSEPHS HOSPITAL AND MEDICAL CENTER,AZ,0.9942,111,722,-4.96,0
ST LUCIE MEDICAL CENTER,FL,1.2014,337,1990,479.89,5
ST LUKE'S DES PERES HOSPITAL,MO,1.065,23,231,20.34,1
ST LUKE'S HOSPITAL - ANDERSON CAMPUS,PA,1.0185,230,1344,-0.14,0
ST LUKE'S HOSPITAL - CARBON CAMPUS,PA,1.04,88,458,10.57,0
ST LUKE'S HOSPITAL - EASTON CAMPUS,PA,0.9904,16,90,-0.86,0
ST LUKE'S HOSPITAL - GRAND VIEW CAMPUS,PA,0.9948,130,816,-7.53,1
ST LUKE'S HOSPITAL - MONROE CAMPUS,PA,1.0977,182,838,66.21,2
ST LUKE'S HOSPITAL - UPPER BUCKS CAMPUS,PA,1.0275,87,475,12.68,1
ST LUKE'S HOSPITAL AT THE VINTAGE,TX,1.0007,36,205,0.25,0
ST LUKE'S MINERS MEMORIAL HOSPITAL,PA,1.0261,89,440,15.64,1
ST LUKE'S NAMPA MEDICAL CENTER,ID,0.9288,36,293,-20.49,0
ST LUKE'S PATIENTS MEDICAL CENTER,TX,1.0096,34,181,1.46,0
ST LUKE'S REGIONAL MEDICAL CENTER,ID,0.8731,159,1562,-243.14,0
ST LUKE'S SUGAR LAND HOSPITAL,TX,1.0102,37,177,1.92,0
ST LUKE'S THE WOODLANDS HOSPITAL,TX,1.0,133,804,-4.01,0
ST LUKE'S WARREN HOSPITAL,NJ,1.079,166,742,58.2,2
ST LUKES HOSPITAL,IA,1.0101,257,1667,-3.37,2
ST LUKES HOSPITAL,MN,0.9887,77,513,-5.66,0
ST LUKES HOSPITAL,MO,1.0376,379,2468,47.95,2
ST LUKES HOSPITAL BETHLEHEM,PA,1.0272,466,2686,152.35,4
ST LUKES HOSPITAL OF KANSAS CITY,MO,0.9511,197,1326,-71.73,0
ST LUKES MAGIC VALLEY MEDICAL CENTER,ID,0.874,84,823,-98.4,0
ST LUKES REGIONAL MEDICAL CENTER,IA,0.9515,91,700,-35.38,0
ST MARK'S HOSPITAL,UT,0.9737,106,893,-54.04,1
ST MARY MEDICAL CENTER,CA,0.981,64,355,-7.73,0
ST MARY MEDICAL CENTER,IL,1.0198,108,641,17.55,1
ST MARY MEDICAL CENTER,PA,1.107,432,2401,199.49,5
ST MARY MEDICAL CENTER INC,IN,1.0131,223,1409,-16.77,1
ST MARY'S GENERAL HOSPITAL,NJ,1.0938,86,364,38.87,1
ST MARY'S HEALTHCARE,NY,1.0064,79,433,0.23,0
ST MARY'S HOSPITAL,GA,1.1239,115,701,71.2,1
ST MARY'S MEDICAL CENTER,FL,0.9841,14,95,-1.51,0
ST MARY'S MEDICAL CENTER,MO,1.0657,78,381,29.35,1
ST MARY'S REGIONAL MEDICAL CENTER,OK,0.9363,67,461,-28.82,0
ST MARYS HOSPITAL,IL,1.0576,186,875,62.07,2
ST MARYS HOSPITAL MEDICAL CTR,WI,0.9422,11,88,-5.09,0
ST MARYS MEDICAL CENTER,WV,0.9872,323,1796,3.61,1
ST MARYS REGIONAL MEDICAL CENTER,AR,0.9109,50,399,-36.69,0
ST PETER'S HOSPITAL,NY,1.0664,443,2414,192.51,4
ST PETERS HEALTH,MT,0.957,86,619,-30.43,0
ST ROSE HOSPITAL,CA,1.0941,97,408,38.68,2
ST TAMMANY PARISH HOSPITAL,LA,1.0067,162,1001,-35.09,1
ST VINCENT HEART CENTER,IN,0.9097,121,1109,-101.64,0
ST VINCENT HOSPITAL,MA,1.0269,187,1008,31.33,2
ST VINCENT HOSPITAL,WI,0.9078,29,261,-23.96,0
ST VINCENT MEDICAL CENTER/NORTH,AR,1.0116,12,78,0.9,0
ST VINCENT'S BIRMINGHAM,AL,1.0574,168,950,41.19,2
ST VINCENT'S MEDICAL CENTER,CT,0.9975,147,904,-6.83,1
ST VINCENT'S ST CLAIR,AL,1.0477,34,174,7.45,0
ST. CATHERINE HOSPITAL - GARDEN CITY,KS,1.0034,40,235,0.92,0
ST. GEORGE REGIONAL HOSPITAL,UT,0.9243,218,1912,-198.38,0
ST. MARY'S HOSPITAL,AZ,1.0052,85,548,2.81,0
ST. PATRICK HOSPITAL,MT,0.9567,143,1172,-51.94,0
ST. VINCENT'S EAST,AL,1.0275,136,787,16.86,1
"STAFFORD HOSPITAL, LLC",VA,1.0525,89,465,25.56,1
STAMFORD HOSPITAL,CT,0.9713,197,1341,-80.3,0
STANFORD HEALTH CARE,CA,0.9195,419,2854,-160.7,2
STANFORD HEALTH CARE TRI-VALLEY,CA,0.959,153,912,-41.19,0
STANLY REGIONAL MEDICAL CENTER,NC,1.01,93,526,-4.31,0
STARR COUNTY MEMORIAL HOSPITAL,TX,1.0419,16,73,3.06,0
STARR REGIONAL MEDICAL CENTER ATHENS,TN,0.9725,26,188,-6.02,0
STATEN ISLAND UNIVERSITY HOSPITAL,NY,1.0214,457,2545,3.05,2
STEPHENS COUNTY HOSPITAL,GA,1.0198,12,76,1.5,0
STILLWATER MEDICAL CENTER,OK,0.9928,130,1041,-24.69,1
STONESPRINGS HOSPITAL CENTER,VA,1.0013,24,147,-0.25,0
STONEWALL JACKSON MEMORIAL HOSPITAL,WV,1.0623,16,80,4.98,0
"STORMONT VAIL HEALTH FLINT HILLS, LLC",KS,1.0747,15,70,5.23,0
STORMONT VAIL HOSPITAL,KS,0.9947,367,2381,-30.13,1
STRAUB CLINIC AND HOSPITAL,HI,0.9602,90,678,-34.52,0
STRONG MEMORIAL HOSPITAL,NY,0.9455,161,982,-48.43,0
STURDY MEMORIAL HOSPITAL,MA,1.1569,308,1669,232.02,4
SUBURBAN COMMUNITY HOSPITAL,PA,1.0062,36,187,-1.18,0
SUBURBAN HOSPITAL,MD,1.0116,317,1917,42.16,2
SUMMA HEALTH SYSTEM,OH,1.0463,278,1441,40.76,2
SUMMA WESTERN RESERVE HOSPITAL,OH,1.0258,40,199,4.99,0
SUMMERLIN HOSPITAL MEDICAL CENTER,NV,1.0767,213,1064,114.44,3
SUMMIT HEALTHCARE REGIONAL MEDICAL CENTER,AZ,0.9783,57,419,-8.21,0
SUNRISE HOSPITAL AND MEDICAL CENTER,NV,1.0317,258,1288,47.51,2
SUNY/DOWNSTATE UNIVERSITY HOSPITAL OF BROOKLYN,NY,1.0863,42,157,14.32,1
SUNY/STONY BROOK UNIVERSITY HOSPITAL,NY,0.9529,837,5346,-219.08,1
SURGICAL INSTITUTE OF READING,PA,1.3097,18,241,74.64,1
SUTTER AMADOR HOSPITAL,CA,0.9517,40,326,-17.46,0
SUTTER AUBURN FAITH HOSPITAL,CA,0.9882,53,350,-3.67,0
SUTTER COAST HOSPITAL,CA,0.9781,43,280,-5.87,0
SUTTER DAVIS HOSPITAL,CA,0.9422,23,160,-9.25,0
SUTTER DELTA MEDICAL CENTER,CA,1.0135,151,767,7.93,0
"SUTTER MEDICAL CENTER, SACRAMENTO",CA,1.0008,311,1990,-15.02,0
SUTTER ROSEVILLE MEDICAL CENTER,CA,0.9556,369,2412,-124.91,1
SUTTER SANTA ROSA REGIONAL HOSPITAL,CA,0.9776,146,1122,-21.9,0
SUTTER SOLANO MEDICAL CENTER,CA,0.9939,58,343,-1.7,0
SUTTER TRACY COMMUNITY HOSPITAL,CA,0.8913,27,259,-28.69,0
SWEDISH EDMONDS HOSPITAL,WA,1.0093,113,676,-3.77,0
SWEDISH HOSPITAL,IL,0.9909,157,917,-4.3,0
SWEDISH ISSAQUAH,WA,0.9016,49,446,-45.65,0
SWEDISH MEDICAL CENTER,WA,0.9805,92,573,-13.75,0
SWEDISH MEDICAL CENTER / CHERRY HILL,WA,0.927,95,663,-47.39,0
SWEETWATER HOSPITAL ASSOCIATION,TN,1.0713,60,274,19.28,1
SYCAMORE SHOALS HOSPITAL,TN,1.0838,49,209,24.45,1
T J SAMSON COMMUNITY HOSPITAL,KY,1.01,121,682,13.08,0
TACOMA GENERAL ALLENMORE HOSPITAL,WA,1.0366,271,1653,36.38,2
TALLAHASSEE MEMORIAL HEALTHCARE,FL,0.9437,241,1642,-111.2,0
TAMPA GENERAL HOSPITAL,FL,1.0756,346,1854,97.83,4
TAMPA GENERAL HOSPITAL BROOKSVILLE,FL,1.0516,138,719,31.08,2
TAMPA GENERAL HOSPITAL CRYSTAL RIVER,FL,1.0303,166,898,29.61,1
TANNER MEDICAL CENTER - CARROLLTON,GA,1.0388,170,933,50.48,2
TANNER MEDICAL CENTER VILLA RICA,GA,1.1021,80,326,34.64,2
TAWAS ST JOSEPH HOSPITAL,MI,1.0485,15,83,4.03,0
TAYLOR REGIONAL HOSPITAL,KY,0.9496,33,227,-11.6,0
TEMECULA VALLEY HOSPITAL,CA,1.004,134,816,1.19,1
TEMPLE HEALTH - CHESTNUT HILL HOSPITAL,PA,1.0136,154,794,9.99,1
TEMPLE UNIVERSITY HOSPITAL,PA,1.0167,311,1531,64.07,2
TENNOVA HEALTHCARE - NEWPORT MEDICAL CENTER,TN,0.9882,27,166,-1.78,0
TENNOVA HEALTHCARE-CLARKSVILLE,TN,1.0706,216,1094,100.3,3
TENNOVA HEALTHCARE-JEFFERSON MEMORIAL HOSPITAL,TN,1.0032,37,243,-4.81,0
TERRE HAUTE REGIONAL HOSPITAL,IN,1.0693,125,581,41.0,2
TERREBONNE GENERAL MEDICAL CENTER - PARISH,LA,1.0048,109,623,-8.05,0
TEXAS HEALTH ARLINGTON MEMORIAL HOSPITAL,TX,1.0169,117,671,8.79,0
TEXAS HEALTH HARRIS METHODIST FORT WORTH,TX,0.9776,325,2004,-79.01,0
TEXAS HEALTH HARRIS METHODIST HOSPITAL ALLIANCE,TX,0.9558,62,418,-19.01,0
TEXAS HEALTH HARRIS METHODIST HOSPITAL CLEBURNE,TX,0.9432,35,284,-14.41,0
TEXAS HEALTH HARRIS METHODIST HOSPITAL SOUTHWEST F,TX,0.9909,172,1107,-22.85,0
TEXAS HEALTH HARRIS METHODIST HOSPITAL STEPHENVILL,TX,1.0143,28,171,0.38,0
TEXAS HEALTH HARRIS METHODIST HURST-EULESS-BEDFORD,TX,1.0736,224,1104,98.29,2
TEXAS HEALTH HEART & VASCULAR HOSPITAL ARLINGTON,TX,0.9835,14,91,-1.5,0
TEXAS HEALTH HOSPITAL FRISCO,TX,0.9976,51,305,-6.82,0
TEXAS HEALTH HUGULEY HOSPITAL FORT WORTH SOUTH,TX,1.0406,203,1026,13.15,1
TEXAS HEALTH PRESBYTERIAN HOSPITAL ALLEN,TX,0.9863,61,415,-5.65,0
TEXAS HEALTH PRESBYTERIAN HOSPITAL DALLAS,TX,0.9253,242,1700,-140.0,0
TEXAS HEALTH PRESBYTERIAN HOSPITAL DENTON,TX,0.9552,169,1141,-37.11,1
TEXAS HEALTH PRESBYTERIAN HOSPITAL FLOWER MOUND,TX,0.9663,65,453,-14.69,0
TEXAS HEALTH PRESBYTERIAN HOSPITAL PLANO,TX,1.0478,209,1148,50.69,2
TEXAS HEALTH PRESBYTERIAN HOSPITAL ROCKWALL,TX,0.9607,64,420,-18.02,0
TEXAS ORTHOPEDIC HOSPITAL,TX,0.5709,19,1082,-464.29,0
TEXOMA MEDICAL CENTER,TX,1.0323,522,2638,215.1,2
THE EAST ALABAMA HEALTHCARE AUTHORITY,AL,0.9854,100,956,-22.28,0
THE HEART HOSPITAL BAYLOR DENTON,TX,0.9739,62,530,-34.99,0
THE HOSPITAL OF CENTRAL CONNECTICUT,CT,1.0058,190,1030,4.63,0
THE HOSPITALS OF PROVIDENCE - EAST CAMPUS,TX,1.0196,71,397,5.52,1
THE HOSPITALS OF PROVIDENCE - MEMORIAL CAMPUS,TX,1.0254,18,102,2.59,0
THE HOSPITALS OF PROVIDENCE TRANSMOUNTAIN CAMPUS,TX,1.0745,62,288,24.19,1
THE JEWISH HOSPITAL-MERCY HEALTH,OH,1.0237,147,826,14.77,1
THE MCDOWELL HOSPITAL,NC,1.0237,35,187,2.14,0
THE MEDICAL CENTER (BOWLING GREEN),KY,0.9494,242,1651,-93.68,1
THE MEDICAL CENTER OF AURORA & SOUTH HOSPITAL,CO,0.9804,116,765,-19.78,1
THE MEDICAL CENTER OF SOUTHEAST TEXAS,TX,1.0178,76,408,4.73,0
THE MIRIAM HOSPITAL,RI,0.9871,293,1885,-77.87,1
THE MONROE CLINIC,WI,0.9789,43,280,-5.17,0
THE NEBRASKA MEDICAL CENTER,NE,0.9772,199,1240,-14.37,1
THE NEBRASKA METHODIST HOSPITAL,NE,0.963,288,2177,-98.74,0
THE QUEENS MEDICAL CENTER,HI,0.9936,294,1843,-13.96,1
THE UNIVERSITY HOSPITAL,NJ,1.0216,26,113,2.36,0
THE UNIVERSITY OF CHICAGO MEDICAL CENTER,IL,1.0194,321,1588,45.36,2
THEDACARE REGIONAL MEDICAL CENTER - APPLETON INC,WI,0.8942,39,357,-36.88,0
THIBODAUX REGIONAL MEDICAL CENTER,LA,0.95,96,683,-37.57,0
THOMAS HOSPITAL,AL,1.0379,192,1118,53.06,2
THOMAS JEFFERSON UNIVERSITY HOSPITAL,PA,1.1138,337,1925,245.85,5
THOMAS MEMORIAL HOSPITAL,WV,1.0446,128,619,26.4,1
THREE CROSSES REGIONAL HOSPITAL LLC,NM,1.0697,40,181,12.55,0
THREE RIVERS MEDICAL CENTER,KY,1.0051,12,68,0.35,0
"TIDALHEALTH NANTICOKE, INC.",DE,0.9427,124,864,-63.29,0
"TIDALHEALTH PENINSULA REGIONAL, INC",MD,0.9475,373,2461,-115.81,0
TIDELANDS GEORGETOWN MEMORIAL HOSPITAL,SC,1.0283,72,447,11.7,1
TIDELANDS WACCAMAW COMMUNITY HOSPITAL,SC,0.9442,143,1038,-49.97,0
TIFT REGIONAL MEDICAL CENTER,GA,1.0299,104,542,18.87,1
TISHOMINGO HEALTH SERVICES INC,MS,0.9756,25,180,-6.1,0
TITUS REGIONAL MEDICAL CENTER,TX,0.9984,43,257,-1.32,0
TORRANCE MEMORIAL MEDICAL CENTER,CA,0.9864,355,2544,-104.15,3
TOURO INFIRMARY,LA,1.0589,53,243,13.87,1
TRI-CITY MEDICAL CENTER,CA,1.0107,103,643,10.22,0
TRIDENT MEDICAL CENTER,SC,1.0193,354,2041,22.15,2
TRINITAS REGIONAL MEDICAL CENTER,NJ,1.0579,81,352,22.77,1
TRINITY - BETTENDORF,IA,0.9742,33,239,-5.89,0
TRINITY HEALTH ANN ARBOR HOSPITAL,MI,1.0125,517,3323,47.7,1
TRINITY HEALTH LIVINGSTON HOSPITAL,MI,0.9226,69,553,-44.79,0
TRINITY HEALTH MUSKEGON HOSPITAL,MI,0.865,124,1055,-165.46,0
TRINITY HEALTH OAKLAND HOSPITAL,MI,1.0355,319,1650,42.75,1
TRINITY HOSPITALS,ND,0.999,163,969,-13.08,0
TRINITY MEDICAL CTR EAST &TRINITY MEDICAL CTR WEST,OH,1.043,139,647,37.05,2
TRINITY MUSCATINE,IA,0.9608,24,190,-7.88,0
TRINITY REGIONAL MEDICAL CENTER,IA,0.963,72,474,-17.79,0
TRINITY ROCK ISLAND,IL,1.0287,198,1177,46.56,1
TRIOS HEALTH,WA,1.0173,106,662,7.2,1
TRISTAR CENTENNIAL MEDICAL CENTER,TN,0.9926,267,1695,-29.14,2
TRISTAR GREENVIEW REGIONAL HOSPITAL,KY,1.0401,111,651,5.37,1
TRISTAR HENDERSONVILLE MEDICAL CENTER,TN,1.0016,114,656,-6.36,1
TRISTAR HORIZON MEDICAL CENTER,TN,0.9708,96,687,-38.62,0
TRISTAR NORTHCREST MEDICAL CENTER,TN,1.055,65,304,19.92,1
TRISTAR SKYLINE MEDICAL CENTER,TN,1.0366,124,607,25.47,1
TRISTAR SOUTHERN HILLS MEDICAL CENTER,TN,0.9852,36,237,-3.64,0
TRISTAR STONECREST MEDICAL CENTER,TN,1.0512,63,304,16.14,1
TRISTAR SUMMIT MEDICAL CENTER,TN,1.0317,169,967,19.65,2
TUCSON MEDICAL CENTER,AZ,1.1077,324,1915,188.93,3
TUFTS MEDICAL CENTER,MA,1.0917,233,1111,87.52,3
TUG VALLEY ARH REGIONAL MEDICAL CENTER,KY,1.0918,84,298,31.34,1
TWIN COUNTY REGIONAL HOSPITAL,VA,1.0355,54,261,9.22,0
"TY COBB REGIONAL MEDICAL CENTER, LLC",GA,1.0118,32,205,-0.54,0
UC SAN DIEGO HEALTH HILLCREST - HILLCREST MED CTR,CA,0.9775,295,1691,-63.95,0
UCF LAKE NONA HOSPITAL,FL,1.0245,23,117,3.04,0
UCH-MEMORIAL HEALTH SYSTEM,CO,0.9097,233,1812,-197.84,0
UCHEALTH GREELEY HOSPITAL,CO,0.9416,38,302,-16.98,0
UCHEALTH HIGHLANDS RANCH HOSPITAL,CO,0.9778,69,434,-9.56,0
UCHICAGO MEDICINE ADVENTHEALTH BOLINGBROOK,IL,1.0278,96,467,8.76,0
UCHICAGO MEDICINE ADVENTHEALTH GLENOAKS,IL,1.025,56,275,6.28,0
UCHICAGO MEDICINE ADVENTHEALTH HINSDALE,IL,0.9728,161,1032,-39.3,0
UCHICAGO MEDICINE ADVENTHEALTH LA GRANGE,IL,1.0005,193,1314,-7.29,1
UCI HEALTH - FOUNTAIN VALLEY,CA,1.0236,172,890,25.34,1
UCI HEALTH - LOS ALAMITOS,CA,1.0061,129,763,-14.26,0
UCI HEALTH - PLACENTIA LINDA,CA,1.0256,43,257,4.71,0
UCI HEALTH-LAKEWOOD,CA,1.0375,117,526,14.11,0
UCI HEALTH-ORANGE,CA,1.0209,148,728,9.99,0
UCLA WEST VALLEY MEDICAL CENTER,CA,1.132,255,1064,152.37,3
UCSF HEALTH SAINT FRANCIS HOSPITAL,CA,1.0479,48,182,8.4,0
UCSF HEALTH ST. MARY'S HOSPITAL,CA,1.0168,83,423,-0.44,0
UCSF MEDICAL CENTER,CA,0.9813,275,1808,-48.58,2
UF HEALTH LEESBURG HOSPITAL,FL,0.9703,358,2196,-38.44,0
UF HEALTH SHANDS HOSPITAL,FL,0.9874,412,2290,74.31,2
UH CLEVELAND MEDICAL CENTER,OH,1.0282,143,753,21.78,1
UH REGIONAL HOSPITALS,OH,0.9758,129,789,-27.87,0
UH ST JOHN MEDICAL CENTER,OH,1.014,169,899,15.41,1
UMASS MEMORIAL HEALTH - HARRINGTON HOSPITAL,MA,1.0861,143,683,64.17,2
UMASS MEMORIAL HEALTHALLIANCE HOSPITALS,MA,1.0557,214,1019,63.91,2
UMASS MEMORIAL HEALTHCARE-MARLBOROUGH HOSPITAL,MA,1.1023,133,589,62.68,3
UMASS MEMORIAL MEDICAL CENTER/UNIVERSITY CAMPUS,MA,1.0178,567,3248,-0.09,2
UMD UPPER CHESAPEAKE MEDICAL CENTER,MD,0.9836,357,2111,-41.24,1
UNC HEALTH CARE WAYNE,NC,0.9652,159,991,-40.99,0
UNC HEALTH NASH,NC,1.0187,219,1150,31.46,1
UNC HOSPITALS,NC,0.9124,152,1165,-132.62,0
UNC LENOIR HEALTH CARE,NC,1.0118,99,532,6.57,1
UNC ROCKINGHAM,NC,1.023,22,122,2.77,0
UNION GENERAL HOSPITAL,GA,1.0025,85,518,1.13,0
UNION HOSPITAL,OH,1.0034,94,542,-9.3,0
UNION HOSPITAL INC,IN,1.0262,446,2214,140.34,2
UNION HOSPITAL OF CECIL COUNTY,MD,1.0277,187,957,26.42,2
UNIONTOWN HOSPITAL,PA,1.025,100,514,12.77,1
"UNITED HEALTH SERVICES HOSPITALS, INC",NY,0.9926,186,1181,-6.43,1
"UNITED HOSPITAL CENTER, INC",WV,1.0301,283,1455,67.32,2
UNITED MEDICAL CENTER,DC,0.9767,26,128,-2.98,0
UNITED MEMORIAL MEDICAL CENTER,NY,1.0491,66,293,14.71,0
UNITED REGIONAL HEALTH CARE SYSTEM,TX,1.0394,428,2442,40.56,3
UNITY HOSPITAL,NY,1.136,180,835,111.06,4
UNITY MEDICAL CENTER,TN,1.0136,25,151,-0.39,0
UNITYPOINT HEALTH - DES MOINES IOWA METHODIST MEDI,IA,0.973,450,4063,-183.01,1
UNITYPOINT HEALTH - MARSHALLTOWN,IA,0.9912,29,213,-3.47,0
UNITYPOINT HEALTH - MERITER,WI,1.0013,206,1202,21.87,1
UNIV. OF VERMONT - FLETCHER ALLEN HEALTH CARE,VT,0.9415,311,2263,-113.22,0
UNIVERSITY  OF KS HLTH SYSTEM GREAT BEND CAMPUS,KS,0.9936,27,173,-1.28,0
UNIVERSITY HEALTH SYSTEM,TX,1.0099,57,316,3.43,0
"UNIVERSITY HEALTH SYSTEM, INC",TN,0.9533,315,2022,-130.62,0
UNIVERSITY HOSPITAL AND MEDICAL CENTER,FL,1.1235,95,357,42.3,1
UNIVERSITY HOSPITAL S U N Y HEALTH SCIENCE CENTER,NY,1.0098,198,1131,12.97,0
UNIVERSITY HOSPITALS - ELYRIA MEDICAL CENTER,OH,1.0059,177,909,35.86,2
UNIVERSITY HOSPITALS AHUJA MEDICAL CENTER,OH,1.0461,233,1185,93.82,2
UNIVERSITY HOSPITALS PORTAGE MEDICAL CENTER,OH,1.0548,98,472,27.45,1
UNIVERSITY HOSPITALS SAMARITAN MEDICAL CENTER,OH,1.0178,64,350,5.56,0
UNIVERSITY MCDUFFIE COUNTY REGIONAL MEDICAL CENTER,GA,1.0645,11,50,3.22,0
UNIVERSITY MEDICAL CENTER,NV,1.0657,100,429,25.14,1
UNIVERSITY MEDICAL CENTER,TX,1.0192,185,1092,16.81,1
UNIVERSITY MEDICAL CENTER NEW ORLEANS,LA,1.003,15,73,0.22,0
UNIVERSITY MEDICAL CENTER OF EL PASO,TX,1.0059,27,163,1.54,0
UNIVERSITY MEDICAL CENTER OF PRINCETON AT PLAINSBORO,NJ,1.1067,259,1496,104.64,3
UNIVERSITY OF ALABAMA HOSPITAL,AL,1.1059,341,1803,178.17,3
UNIVERSITY OF CALIFORNIA DAVIS MEDICAL CENTER,CA,1.0148,313,1500,36.13,1
"UNIVERSITY OF CINCINNATI MEDICAL CENTER, LLC",OH,1.0064,104,557,3.24,1
UNIVERSITY OF COLORADO HOSPITAL AUTHORITY,CO,0.9377,189,1176,-73.28,0
UNIVERSITY OF ILLINOIS HOSPITAL AND CLINICS,IL,1.0181,58,268,8.23,1
UNIVERSITY OF IOWA HEALTH CARE MEDICAL CENTER DOWN,IA,1.0234,154,933,28.95,1
UNIVERSITY OF IOWA HOSPITAL & CLINICS,IA,0.9616,211,1342,-56.36,0
UNIVERSITY OF KANSAS HEALTH SYSTEM - ST FRANCIS CAMPUS,KS,0.9522,146,1035,-74.98,0
UNIVERSITY OF KANSAS HEALTH SYSTEM OLATHE HOSPITAL,KS,0.936,140,1065,-82.41,0
UNIVERSITY OF KANSAS HOSPITAL,KS,0.938,393,2204,-119.5,1
UNIVERSITY OF KENTUCKY HOSPITAL,KY,0.9075,125,843,-79.68,0
UNIVERSITY OF LOUISVILLE HOSPITAL,KY,1.0421,55,219,7.58,0
UNIVERSITY OF MARYLAND MEDICAL CENTER,MD,0.9669,151,976,-39.47,0
UNIVERSITY OF MD BALTIMORE WASHINGTON MEDICAL CENTER,MD,0.9328,272,1722,-133.74,0
UNIVERSITY OF MD CAPITAL REGION MEDICAL CENTER,MD,1.0298,105,467,18.88,1
UNIVERSITY OF MD CHARLES REGIONAL  MEDICAL CENTER,MD,0.9614,136,796,-25.82,0
UNIVERSITY OF MD MEDICAL CENTER MIDTOWN CAMPUS,MD,0.9799,15,73,-1.47,0
UNIVERSITY OF MD SHORE MEDICAL CENTER AT EASTON,MD,0.9112,155,1100,-101.86,0
UNIVERSITY OF MD ST JOSEPH MEDICAL CENTER,MD,0.9852,328,2425,-94.32,1
UNIVERSITY OF MICHIGAN HEALTH - WEST,MI,0.9191,18,130,-10.52,0
UNIVERSITY OF MICHIGAN HEALTH SYSTEM,MI,1.0134,312,1588,-4.96,1
UNIVERSITY OF MISSISSIPPI MED CENTER,MS,1.0453,147,746,29.04,1
UNIVERSITY OF MISSISSIPPI MEDICAL CENTER- GRENADA,MS,1.0517,49,241,12.74,0
UNIVERSITY OF MISSOURI HEALTH CARE,MO,1.0088,221,1219,8.13,1
UNIVERSITY OF TEXAS MEDICAL BRANCH GALVESTON,TX,1.0701,403,2008,131.28,2
UNIVERSITY OF TOLEDO MEDICAL CENTER,OH,1.0072,84,429,4.48,0
UNIVERSITY OF UTAH HOSPITAL AND CLINICS,UT,0.9196,129,1007,-109.75,1
UNIVERSITY OF VIRGINIA MEDICAL CENTER,VA,0.9486,290,1916,-127.57,0
UNIVERSITY OF WASHINGTON MEDICAL CTR,WA,0.9853,254,1762,-102.54,1
UNIVERSITY OF WI  HOSPITALS & CLINICS AUTHORITY,WI,0.9791,312,2138,0.61,1
UNM HOSPITAL,NM,0.9801,70,411,-10.84,0
UOFL HEALTH - JEWISH HOSPITAL and Mary & Elizabeth Hospital,KY,1.0118,298,1618,58.34,2
UPHS MARQUETTE DLP HOSPITAL,MI,0.9258,81,698,-60.44,0
UPMC ALTOONA,PA,0.9628,159,932,-55.32,0
UPMC BEDFORD MEMORIAL,PA,1.0044,23,142,0.62,0
UPMC CARLISLE,PA,0.9963,95,539,1.27,1
UPMC CHAUTAUQUA AT WCA,NY,1.0037,75,423,1.67,0
UPMC EAST,PA,1.0133,84,419,5.6,0
UPMC HAMOT,PA,1.0141,238,1325,41.45,1
UPMC HANOVER,PA,1.0086,161,1010,-21.86,1
UPMC HORIZON,PA,1.0003,40,227,0.98,0
UPMC JAMESON,PA,0.9983,74,366,-3.83,1
UPMC LITITZ,PA,1.0305,23,121,3.69,0
UPMC MCKEESPORT HOSPITAL,PA,0.9956,25,139,-0.64,0
UPMC MEMORIAL,PA,1.0059,80,464,5.03,0
UPMC MERCY,PA,0.9873,45,249,-6.32,0
UPMC NORTHWEST,PA,1.0239,96,487,13.54,1
UPMC PASSAVANT,PA,1.0008,176,1010,-3.05,0
UPMC PINNACLE HOSPITALS,PA,1.0273,465,3193,-25.79,3
UPMC PRESBYTERIAN SHADYSIDE,PA,1.0411,265,1402,16.31,2
UPMC ST MARGARET,PA,1.1687,97,611,94.84,1
UPMC WILLIAMSPORT,PA,1.017,197,1102,12.39,1
UPPER VALLEY MEDICAL CENTER,OH,1.037,113,600,17.14,1
UPSON REGIONAL MEDICAL CENTER,GA,1.0675,37,187,11.98,0
"USA HEALTH HCA PROVIDENCE HOSPITAL, LLC",AL,1.0842,119,615,39.34,2
USA HEALTH UNIVERSITY HOSPITAL,AL,1.0179,12,55,0.98,0
USC ARCADIA HOSPITAL,CA,0.9896,223,1284,-34.58,0
USC VERDUGO HILLS HOSPITAL,CA,1.0528,122,588,29.68,1
UT HEALTH EAST TEXAS ATHENS HOSPITAL,TX,1.0515,103,527,29.77,1
UT HEALTH EAST TEXAS TYLER REGIONAL HOSPITAL,TX,1.0416,377,2274,74.35,4
UT OF TEXAS  SOUTHWESTERN UNIVERSITY HOSPITAL - WILLIAM P. CLEMENTS JR.,TX,1.0513,312,1505,46.48,2
UVA HEALTH CULPEPER MEDICAL CENTER,VA,1.0264,112,637,20.79,1
UVA HEALTH HAYMARKET MEDICAL CENTER,VA,1.023,75,445,12.72,1
UW HEALTH,IL,1.0857,262,1312,103.08,3
University of Arkansas Medical Sciences,AR,0.9974,128,694,-12.13,0
VAL VERDE REGIONAL MEDICAL CENTER,TX,0.993,27,184,-2.15,0
VALLEY BAPTIST MEDICAL CENTER- BROWNSVILLE,TX,1.0078,62,324,2.62,0
VALLEY HOSPITAL,NJ,0.9369,432,2702,-187.44,0
VALLEY HOSPITAL MEDICAL CENTER,NV,1.0113,107,521,7.93,0
VALLEY MEDICAL CENTER,WA,0.996,183,1141,-6.69,0
VALLEY PRESBYTERIAN HOSPITAL,CA,1.087,171,723,48.73,2
VALLEY REGIONAL MEDICAL CENTER,TX,1.0333,80,402,12.97,0
VALLEY VIEW HOSPITAL ASSOCIATION,CO,0.9735,14,89,-2.36,0
VALLEYWISE HEALTH MEDICAL CENTER,AZ,1.0638,12,38,2.42,0
VANDERBILT BEDFORD HOSPITAL,TN,0.9849,13,78,-1.18,0
VANDERBILT TULLAHOMA-HARTON HOSPITAL,TN,1.0118,105,536,4.65,0
VANDERBILT UNIVERSITY MEDICAL CENTER,TN,0.9174,311,2147,-176.92,0
VANDERBILT WILSON COUNTY HOSPITAL,TN,0.9798,95,558,-6.19,1
VASSAR BROTHERS MEDICAL CENTER,NY,1.0495,544,2939,71.26,3
VAUGHAN REGIONAL MEDICAL CENTER PARKWAY CAMPUS,AL,1.0838,22,95,7.96,0
VCU HEALTH TAPPAHANNOCK HOSPITAL,VA,1.0065,51,298,1.93,0
VENTURA COUNTY MEDICAL CENTER,CA,1.0308,46,253,7.37,0
VERDE VALLEY MEDICAL CENTER,AZ,0.9382,53,492,-47.62,0
VHS HARLINGEN HOSPITAL COMPANY LLC,TX,1.0553,128,664,34.05,2
"VIA CHRISTI HOSPITAL WICHITA ST TERESA, INC",KS,0.9722,78,531,-14.69,0
VICTOR VALLEY GLOBAL MEDICAL CENTER,CA,1.0945,26,103,9.73,1
VIDANT DUPLIN HOSPITAL,NC,1.0342,77,395,14.82,1
VIDANT EDGECOMBE HOSPITAL,NC,1.0578,53,249,14.67,1
VIDANT ROANOKE CHOWAN HOSPITAL,NC,1.0583,60,287,17.27,1
VIERA HOSPITAL,FL,0.8639,69,574,-78.26,0
"VILLAGES REGIONAL HOSPITAL, THE",FL,1.0007,419,2371,3.83,1
VIRGINIA HOSPITAL CENTER,VA,1.0072,189,1231,-27.15,1
VIRGINIA MASON MEDICAL CENTER,WA,0.957,146,1050,-50.9,0
VIRTUA MOUNT HOLLY HOSPITAL,NJ,1.0067,200,1147,2.24,0
VIRTUA OUR LADY OF LOURDES HOSPITAL,NJ,1.0135,230,1313,32.72,1
VIRTUA WILLINGBORO HOSPITAL,NJ,1.0425,80,390,12.27,1
VISTA MEDICAL CENTER EAST,IL,1.0017,96,524,-0.97,0
WADLEY REGIONAL MEDICAL CENTER,TX,1.0348,79,422,18.37,1
"WAKEMED, CARY HOSPITAL",NC,0.9749,179,1192,-45.3,0
"WAKEMED, RALEIGH CAMPUS",NC,0.9744,361,2384,-96.34,1
WALKER BAPTIST MEDICAL CENTER,AL,1.0047,70,403,0.02,0
WARREN GENERAL HOSPITAL,PA,1.0501,43,204,10.72,0
WARREN MEMORIAL HOSPITAL,VA,1.0154,62,359,5.6,0
WASHINGTON HOSPITAL,CA,1.077,279,1444,94.82,3
"WASHINGTON HOSPITAL, THE",PA,1.023,76,444,8.76,0
WASHINGTON REGIONAL MEDICAL CENTER,AR,0.8878,201,1586,-186.33,0
WATAUGA MEDICAL CENTER,NC,0.9959,86,546,0.13,0
WATERBURY HOSPITAL,CT,0.9981,185,965,15.4,1
WATERTOWN MEMORIAL HOSPITAL,WI,0.9622,26,215,-8.41,0
WATSONVILLE COMMUNITY HOSPITAL,CA,1.041,59,345,9.88,1
WAUKESHA MEMORIAL HOSPITAL,WI,0.9907,224,1381,-40.18,0
WAYNE GENERAL HOSPITAL,MS,1.0202,26,161,3.17,0
WAYNE MEMORIAL HOSPITAL,GA,1.0286,21,126,3.6,0
WAYNE MEMORIAL HOSPITAL,PA,0.9708,74,569,-17.09,0
WEBSTER GENERAL HOSPITAL/ SWING BED,MS,0.997,37,225,-2.2,0
"WEIRTON MEDICAL CENTER, INC",WV,1.0199,193,1003,9.19,0
WELLINGTON REGIONAL MEDICAL CENTER,FL,1.0503,162,812,49.02,2
WELLMONT BRISTOL REGIONAL MEDICAL CENTER,TN,1.082,227,1142,115.69,3
WELLMONT HOLSTON VALLEY MEDICAL CENTER,TN,0.9724,170,1072,-33.33,0
WELLSPAN CHAMBERSBURG HOSPITAL,PA,0.9974,252,1539,-27.46,1
WELLSPAN EPHRATA COMMUNITY HOSPITAL,PA,0.9083,50,410,-47.45,0
WELLSPAN EVANGELICAL COMMUNITY HOSPITAL,PA,0.9616,84,644,-31.25,0
WELLSPAN GOOD SAMARITAN HOSPITAL,PA,0.9708,100,605,-18.91,0
WELLSPAN WAYNESBORO HOSPITAL,PA,1.0114,57,333,-1.68,0
WELLSPAN YORK HOSPITAL,PA,0.9835,350,2255,-115.16,1
WELLSTAR COBB MEDICAL CENTER,GA,0.9999,170,929,-5.09,0
WELLSTAR DOUGLAS MEDICAL CENTER,GA,0.9579,77,468,-18.5,0
WELLSTAR KENNESTONE REGIONAL MEDICAL CENTER,GA,0.9874,489,3087,-103.97,2
"WELLSTAR MCG HEALTH, AFFILIATED WITH MED COL",GA,1.0384,116,568,24.26,1
WELLSTAR NORTH FULTON MEDICAL CENTER,GA,0.958,94,712,-48.57,0
WELLSTAR PAULDING MEDICAL CENTER,GA,1.0376,260,1322,71.58,2
WELLSTAR SPALDING MEDICAL CENTER,GA,1.0323,92,520,3.23,1
WELLSTAR WEST GEORGIA MEDICAL CENTER,GA,1.0014,116,656,1.38,1
WENTWORTH-DOUGLASS HOSPITAL,NH,0.9988,221,1352,29.56,1
WESLEY MEDICAL CENTER,KS,0.8921,280,2179,-233.16,0
WEST ALLIS MEMORIAL HOSPITAL,WI,0.9971,103,567,2.69,0
WEST ANAHEIM MEDICAL CENTER,CA,1.067,172,707,85.8,1
WEST BOCA MEDICAL CENTER,FL,1.0288,94,485,15.44,1
WEST CHESTER HOSPITAL,OH,1.0545,197,989,70.87,1
WEST JEFFERSON MEDICAL CENTER,LA,1.039,66,309,12.36,1
WEST JERSEY HOSPITAL,NJ,1.1089,664,3190,462.61,3
WEST KENDALL BAPTIST HOSPITAL,FL,0.9968,80,447,-10.35,1
WEST PENN HOSPITAL,PA,1.0109,13,63,0.69,0
WEST SUBURBAN MEDICAL CENTER,IL,1.0503,52,210,13.07,1
WEST TENNESSEE HEALTHCARE HENRY COUNTY HOSPITAL,TN,0.9744,44,313,-13.0,0
WEST VALLEY MEDICAL CENTER,ID,0.9732,26,194,-5.17,0
"WEST VIRGINIA UNIVERSITY HOSPITALS, INC",WV,0.9718,323,1822,-45.96,1
WESTCHESTER MEDICAL CENTER,NY,0.9969,186,1143,-23.89,1
WESTERLY HOSPITAL,RI,0.9513,65,461,-22.72,0
WESTERN ARIZONA REGIONAL MEDICAL CENTER,AZ,0.9916,97,623,-9.31,0
WESTERN MARYLAND REGIONAL MEDICAL CENTER,MD,0.9704,264,1613,-94.49,1
WESTERN MISSOURI MEDICAL CENTER,MO,1.0334,45,243,4.62,0
WESTSIDE REGIONAL MEDICAL CENTER,FL,1.019,146,742,2.68,0
WETZEL COUNTY HOSPITAL,WV,1.0417,12,43,1.79,0
"WHEELING HOSPITAL, INC",WV,1.0583,229,1179,71.43,3
WHITE COUNTY MEDICAL CENTER,AR,1.0483,237,1244,83.59,2
WHITE PLAINS HOSPITAL CENTER,NY,0.9803,437,2835,-33.75,1
WHITE RIVER MEDICAL CENTER,AR,0.9898,167,1003,-11.42,0
WHITE ROCK MEDICAL CENTER,TX,1.0708,51,217,15.45,1
WHITESBURG ARH HOSPITAL,KY,1.007,63,313,1.37,0
WHITFIELD REGIONAL HOSPITAL,AL,1.0366,13,51,1.87,0
WHITTIER HOSPITAL MEDICAL CENTER,CA,1.0632,61,269,20.93,1
WILCOX MEMORIAL HOSPITAL,HI,1.1564,36,126,19.71,1
WILKES REGIONAL MEDICAL CENTER,NC,1.0119,50,272,1.66,0
WILKES-BARRE GENERAL HOSPITAL,PA,1.0162,246,1328,1.21,1
WILLAMETTE VALLEY MEDICAL CENTER,OR,1.0024,47,310,-4.98,0
WILLIAM W BACKUS HOSPITAL,CT,0.9849,200,1157,-39.82,1
WILLIAMSON MEDICAL CENTER,TN,0.9129,112,969,-110.95,0
WILLIS KNIGHTON MEDICAL CENTER,LA,1.0561,601,3361,104.67,4
WILSON MEDICAL CENTER,NC,1.057,139,699,42.9,1
WILSON MEMORIAL HOSPITAL,OH,1.0046,11,66,0.3,0
WILSON N JONES REGIONAL MEDICAL CENTER,TX,1.0525,26,113,5.93,0
WINCHESTER HOSPITAL,MA,1.2567,404,2029,442.53,4
WINCHESTER MEDICAL CENTER,VA,1.0181,557,3369,80.27,2
WINDHAM COMMUNITY MEMORIAL HOSPITAL,CT,1.0057,55,314,0.43,0
WINN PARISH MEDICAL CENTER,LA,1.022,15,94,2.07,0
WINTER HAVEN HOSPITAL,FL,1.0548,279,1459,102.91,3
WITHAM HEALTH SERVICES,IN,1.0145,41,234,4.68,0
WOOD COUNTY HOSPITAL,OH,1.0118,32,193,0.66,0
WOODHULL MEDICAL & MENTAL HEALTH CENTER,NY,1.0444,16,57,2.53,0
WOODLAND HEIGHTS MEDICAL CENTER,TX,0.9836,116,715,-12.6,0
WOODLAND MEMORIAL HOSPITAL,CA,1.0423,20,106,4.48,0
WOOSTER COMMUNITY HOSPITAL,OH,1.0057,83,474,-0.13,0
WYANDOTTE HOSPITAL AND MEDICAL CENTER,MI,1.0656,294,1369,101.24,3
WYCKOFF HEIGHTS MEDICAL CENTER,NY,1.0006,45,243,0.57,0
WYNN HOSPITAL,NY,1.0279,167,897,19.83,0
WYTHE COUNTY COMMUNITY HOSPITAL,VA,0.9564,31,227,-9.78,0
YAKIMA VALLEY MEMORIAL,WA,0.9756,216,1509,-52.75,0
YALE-NEW HAVEN HOSPITAL,CT,0.977,642,3750,-130.32,0
YAVAPAI REGIONAL MEDICAL CENTER,AZ,0.993,262,1918,0.52,2
YORK HOSPITAL,ME,1.0007,52,353,1.2,0
YUMA REGIONAL MEDICAL CENTER,AZ,0.9949,248,1546,12.25,1
ZUCKERBERG SAN FRANCISCO GENERAL HOSP & TRAUMA CTR,CA,1.0866,138,609,52.25,1
